node1,node2,reg,Theta_Sigma,Theta_T,Theta_Tn,P,P_T,P_Tn,MI,CMI,Sigma,S
1.0,24.0,28.0,3.237102918950133,6.251282023905858,2.293055347124005,0.002,0.001,0.021,0.0477300998752854,0.0655643684052237,0.1045073910297712,0.6361733099923406
1.0,24.0,6.0,4.065664558342082,6.36707389452425,6.591630166897501,0.001,0.001,0.001,0.0477300998752854,0.0632001276131428,0.1129721534149477,0.5911407277772313
1.0,24.0,81.0,3.37100081502144,1.9580364221631483,0.965363935730678,0.001,0.038,0.161,0.0477300998752854,0.0776080177384333,0.1059257255943628,0.5466274141775247
1.0,32.0,54.0,5.892446201036155,3.815549841141456,3.359794921740792,0.001,0.003,0.006,0.0660346124765487,0.1111220074580263,0.1351195181807993,0.6081025108094776
1.0,32.0,77.0,3.546664555913361,3.5896441533789254,3.168191689702858,0.001,0.004,0.008,0.0660346124765487,0.0866833023825003,0.1148985582066447,0.6137889006049227
1.0,32.0,78.0,5.843474902175442,7.255818673004607,2.11057676690874,0.001,0.001,0.03,0.0660346124765487,0.0921217846112909,0.1356150658097001,0.5440857013250515
1.0,32.0,80.0,3.346846542237686,2.0573445128119783,2.126964790301752,0.002,0.038,0.03,0.0660346124765487,0.0902989800045404,0.1145483492660731,0.6982553185011663
1.0,32.0,96.0,3.694633477239447,4.585224127752736,1.3026774217473125,0.001,0.001,0.093,0.0660346124765487,0.0931551574099338,0.1166074244510017,0.5600831243255746
1.0,99.0,49.0,3.982014235775772,2.966217316676224,1.9130436874194008,0.001,0.011,0.052,0.07352581978708,0.0875744684881572,0.1207439304339813,0.6803041337612104
1.0,99.0,61.0,3.90557208416158,3.3782726185641483,1.0024615313192649,0.001,0.002,0.145,0.07352581978708,0.075858301957686,0.119890402297246,0.5052973247674843
1.0,99.0,69.0,4.492063432043576,2.5523044889178355,2.9774723326323818,0.001,0.018,0.011,0.07352581978708,0.0929729821071627,0.125966069602449,0.5955840223707636
1.0,99.0,81.0,4.121577381344606,0.9852168852952587,1.0765876237324288,0.001,0.147,0.153,0.07352581978708,0.0916661401037267,0.1216066487352319,0.5052865551775149
1.0,99.0,84.0,4.089874540957905,2.687961981230552,0.3465883559159133,0.001,0.012,0.584,0.07352581978708,0.0935764860790044,0.1223904083660613,0.5849731612832157
2.0,28.0,27.0,3.871262731455959,4.0731049815863,4.158413996551932,0.001,0.001,0.001,0.0520314445096135,0.0806117426119045,0.1112057594801624,0.7004101344725865
2.0,28.0,30.0,3.4333812656261897,3.683524940408967,0.966006502125731,0.001,0.002,0.159,0.0520314445096135,0.0730006086073869,0.1062197821818655,0.6916504191435692
2.0,28.0,57.0,3.87207734606068,4.508424687378794,1.3769866515452551,0.001,0.001,0.948,0.0520314445096135,0.0653348907827332,0.1105858222084975,0.6252392101590126
2.0,28.0,80.0,3.3154632799624544,1.7653892693690514,0.1486396638269381,0.001,0.051,0.492,0.0520314445096135,0.0836977347212048,0.106690192656779,0.607381848380923
2.0,28.0,9.0,4.147393676038135,2.2244222576365806,2.577736041616126,0.001,0.031,0.017,0.0520314445096135,0.0868915620465564,0.1134746525707915,0.6238997637942001
2.0,30.0,13.0,3.0957596654200885,1.0529473345436144,1.45633863648173,0.004,0.135,0.084,0.0483952517317298,0.0793639911848109,0.1101078339259289,0.6205078471511036
2.0,30.0,14.0,3.3050867749012567,2.32788986448888,0.4090346678450404,0.001,0.023,0.616,0.0483952517317298,0.0779198178103039,0.1116155496506152,0.641829044856395
2.0,30.0,54.0,4.733241842120084,4.2366721757911385,0.1924869326897119,0.001,0.002,0.511,0.0483952517317298,0.0749034894731033,0.1235757497690335,0.5455776206245765
2.0,30.0,63.0,3.6082808955054366,2.6528012074067067,1.3242244331833968,0.001,0.011,0.1,0.0483952517317298,0.0729220770787121,0.113208095095374,0.6946940060997138
2.0,30.0,78.0,3.974433850352954,1.5786483543329823,1.940500436518092,0.001,0.066,0.046,0.0483952517317298,0.0823712895653309,0.1167017204701446,0.6133934121507071
2.0,44.0,20.0,3.6179107327707545,3.75708723432862,0.7162132958231096,0.001,0.003,0.211,0.1014641821384083,0.0947604540195493,0.1217104924337905,0.6178950659141584
2.0,44.0,57.0,3.931874008395443,3.941045560349199,0.6055481605839226,0.001,0.002,0.693,0.1014641821384083,0.1006950575709687,0.1229017179405337,0.6819219469727757
2.0,44.0,5.0,3.69923884218612,6.0715149065424106,5.015383681252383,0.001,0.001,0.001,0.1014641821384083,0.0964855828407897,0.1220658011811283,0.6620395189531292
2.0,44.0,88.0,3.70057297567772,1.300362989999379,0.5105229113380693,0.001,0.111,0.265,0.1014641821384083,0.1020006926234167,0.1216513581676824,0.6870414227172437
2.0,44.0,9.0,3.5708319145166274,0.8274356177260704,0.0147890143552506,0.001,0.176,0.461,0.1014641821384083,0.1046106210219526,0.1207728537782285,0.6345721466420535
2.0,45.0,56.0,2.819592750272906,1.249251362083337,1.5852328712400283,0.002,0.112,0.075,0.0424308040800553,0.0738444185845067,0.1058733003709044,0.6548566904122501
2.0,45.0,62.0,2.7024632305781915,1.6517343233711042,1.994243493606276,0.004,0.062,0.038,0.0424308040800553,0.0708208259479477,0.1048744447204195,0.600106546673846
2.0,45.0,97.0,3.7262619119620175,2.803543726816364,1.329450122526725,0.001,0.012,0.104,0.0424308040800553,0.0855883011377492,0.1151543281428584,0.5661149956867275
2.0,87.0,52.0,3.699009479098655,4.121600718384619,3.899214773578495,0.001,0.003,0.002,0.0707517032436024,0.0846355692267702,0.1143704338901845,0.6095976983471693
2.0,87.0,78.0,3.058531101942676,1.4906364785615736,1.9150198913778047,0.002,0.067,0.042,0.0707517032436024,0.0883154355413627,0.1088601388212907,0.5678399883565062
2.0,87.0,84.0,2.938049804701297,1.3333805745756726,1.8109185115963704,0.003,0.104,0.051,0.0707517032436024,0.1011161160463817,0.1082786626613041,0.5541618963752026
2.0,87.0,90.0,3.4161623938249046,4.351457663959763,0.6029850660033109,0.001,0.002,0.228,0.0707517032436024,0.0934315022639086,0.1127240404724492,0.6120530196220365
2.0,87.0,9.0,3.437178750760145,3.3029555363288527,2.909051578525906,0.001,0.006,0.012,0.0707517032436024,0.0889452236517908,0.1128550392959753,0.6051040323412913
2.0,93.0,14.0,4.329426237866976,3.414362926963769,3.7542098027616673,0.001,0.007,0.002,0.0464671418185327,0.0815833349454301,0.1147994479706684,0.6994556775101736
2.0,93.0,28.0,4.034448123947888,5.801061090590983,5.057814755761871,0.001,0.001,0.001,0.0464671418185327,0.0690583645548815,0.1132149631595279,0.6405904585737231
2.0,93.0,41.0,4.008637554258506,1.466992700915827,1.5543205754092595,0.001,0.091,0.077,0.0464671418185327,0.0757271301697844,0.1137230000838898,0.63461996066285
2.0,93.0,54.0,4.592369845581751,6.2041901701842415,0.0834849943689487,0.001,0.001,0.501,0.0464671418185327,0.0822466625419402,0.1176330778645146,0.6205068670175596
2.0,93.0,64.0,4.289885694767626,0.9167717745061889,1.189940710715186,0.001,0.158,0.116,0.0464671418185327,0.0888383981184153,0.115188739447862,0.6226003795791228
3.0,4.0,73.0,3.7532840876664113,1.600245199837182,1.7944141281330364,0.001,0.07,0.046,0.0617842254879033,0.0974756192672282,0.1204865371154544,0.6213431824769791
3.0,15.0,40.0,2.9446717746082576,4.171362599067336,0.3741423452651774,0.001,0.001,0.3,0.0673839127992668,0.0893227151671374,0.1080839873686357,0.6074449998806751
3.0,15.0,41.0,3.3793517147141703,2.7467443948107424,1.14245397734002,0.003,0.013,0.125,0.0673839127992668,0.0851006240306433,0.1137744388640148,0.6566100528100387
3.0,15.0,47.0,2.7416107960894336,2.174129411205253,0.642292631311044,0.003,0.034,0.719,0.0673839127992668,0.0810711871020318,0.1072027898898072,0.6333203359520574
3.0,15.0,70.0,3.7338196552714575,6.425386632653638,4.031812698362878,0.001,0.001,0.003,0.0673839127992668,0.0847216660620122,0.1157792348552766,0.5305239225618149
3.0,15.0,86.0,4.275867057813871,3.0108021704061976,0.8359613427369882,0.001,0.013,0.175,0.0673839127992668,0.0990263363585997,0.1208172676361976,0.6171035519326669
3.0,34.0,13.0,3.580682888680456,1.7624916222739395,0.7595532914701838,0.001,0.055,0.201,0.0693282624866036,0.0859089368566773,0.1166588943140354,0.6724283004097131
3.0,35.0,52.0,5.283038908618031,3.895009995278499,1.1706919646845528,0.001,0.001,0.117,0.0338814028486318,0.0786802660192839,0.1150167763403061,0.5963893283138502
3.0,96.0,13.0,3.640732663251842,3.6266599351227633,0.3604252592526829,0.001,0.003,0.596,0.0841839989171973,0.1075304270768049,0.1218936678954642,0.5086230579787685
3.0,96.0,2.0,3.4295228013793704,2.2185293589495885,1.5373388906113068,0.001,0.027,0.076,0.0841839989171973,0.1059733853747913,0.1185673819158597,0.5335497625177841
3.0,96.0,40.0,5.255730498988587,2.1191586351027265,0.4120658348628898,0.001,0.038,0.302,0.0841839989171973,0.1270783863699973,0.1338406331556834,0.6368518508376226
3.0,96.0,46.0,3.828122357370816,2.254717874090524,2.778458964363864,0.001,0.027,0.012,0.0841839989171973,0.1018420605687432,0.1225630336356783,0.6172010082557357
3.0,96.0,97.0,4.706569262683222,3.163789484811745,0.2918767469616151,0.001,0.007,0.566,0.0841839989171973,0.1135123173319347,0.1302496340351861,0.5964499887207861
4.0,18.0,20.0,3.5539807833924777,0.7850160539870422,0.7537595306477006,0.001,0.212,0.212,0.0585902514198464,0.1020990732013281,0.1210187609335526,0.6985855433265741
4.0,18.0,41.0,2.6997551738628105,1.7656528983034718,2.163426112891197,0.003,0.058,0.029,0.0585902514198464,0.0848489265513074,0.112815355588609,0.6395575141016563
4.0,18.0,52.0,3.543836376273907,1.490005243045738,0.9156756515633396,0.001,0.086,0.174,0.0585902514198464,0.1036538624510057,0.1201915386191166,0.6001857512225199
4.0,18.0,56.0,3.252952559139123,1.3447726075827713,0.2807964634117352,0.001,0.1,0.557,0.0585902514198464,0.1024937026666268,0.117168005684582,0.6295673720367853
4.0,38.0,40.0,3.678906729885962,2.1580571400089177,1.1764027774330843,0.001,0.025,0.899,0.1417661704953827,0.1416893960562121,0.1398550661741296,0.6535788282113179
4.0,38.0,52.0,3.929779084688244,2.2043521191190867,0.8497731983367064,0.001,0.036,0.176,0.1417661704953827,0.1523119156136343,0.1394460457926261,0.6144536005082787
4.0,38.0,62.0,3.321884208602504,4.571709419701032,0.7946201523654471,0.001,0.001,0.193,0.1417661704953827,0.1318165557368463,0.1362469816767357,0.5726263035773796
4.0,38.0,69.0,4.580515639099227,2.510032611555689,0.5976571480028845,0.001,0.017,0.26,0.1417661704953827,0.1573652354378897,0.1489280938848897,0.5953115877789213
4.0,38.0,94.0,3.229671825428356,3.039013892754445,1.1167876066082056,0.001,0.01,0.148,0.1417661704953827,0.1322774630679462,0.1343669793149491,0.6415331253870727
4.0,78.0,28.0,2.6057907812504744,1.4676238290125565,0.0199693817571254,0.003,0.086,0.451,0.0759902844081361,0.0928997731839583,0.1147065140623744,0.597849398195217
4.0,78.0,44.0,2.846504363262763,1.7552162592782306,0.9711720959084212,0.002,0.061,0.163,0.0759902844081361,0.0909674667234222,0.1149998069749022,0.6440510109132629
4.0,78.0,54.0,3.535822894015578,2.34163988143676,2.417949560794322,0.001,0.029,0.026,0.0759902844081361,0.1052012424912775,0.1204922959714756,0.5561473898188029
4.0,78.0,82.0,3.068957366297388,2.752337386192181,2.260345123686703,0.001,0.016,0.029,0.0759902844081361,0.0964949315291192,0.1184071982184068,0.6203781423922672
5.0,31.0,16.0,3.2850816386594315,1.1624771752476144,0.3221177964135888,0.001,0.117,0.316,0.051889643782184,0.0924214960803274,0.1146115038060175,0.6255212233605855
5.0,31.0,19.0,3.094342232996997,2.516933871033987,0.8427221384208767,0.003,0.019,0.193,0.051889643782184,0.0871735076173246,0.113576425699561,0.6186435345359109
5.0,31.0,33.0,4.272869674887931,2.85881301941639,2.217386636779111,0.001,0.011,0.036,0.051889643782184,0.0918562009872479,0.1243225449737449,0.5506573401184349
5.0,31.0,54.0,4.650406536208233,3.0304219469255056,1.6389270858901317,0.001,0.009,0.066,0.051889643782184,0.1068689734237321,0.1266833483438906,0.6263760390126053
5.0,31.0,61.0,3.123740551062588,3.5840369467876214,0.0031978725490612,0.004,0.003,0.434,0.051889643782184,0.0891321569210179,0.1143659109907029,0.5606423820784382
5.0,42.0,40.0,3.4001504079864366,2.2460425619238777,0.0878920843614609,0.001,0.029,0.491,0.0688798673947719,0.103105493269298,0.1179094665806073,0.6223902093679087
5.0,42.0,8.0,2.8322160215847427,2.0535779611180724,1.7602981423816917,0.004,0.03,0.057,0.0688798673947719,0.0840070477098317,0.1125333029396012,0.6695316471260282
5.0,42.0,9.0,3.4501774549949347,2.0798611788311363,2.576999949349901,0.001,0.036,0.017,0.0688798673947719,0.0888301295733885,0.118437332471453,0.6126357915621935
5.0,62.0,4.0,3.1130624316949955,0.9129799296221596,1.4320395494207858,0.001,0.169,0.089,0.0803981383060667,0.1111985724313533,0.1165092956979674,0.6204730541272885
5.0,62.0,54.0,5.090492265706849,4.380832446942145,0.7980275507994877,0.001,0.001,0.191,0.0803981383060667,0.1098076919759685,0.1326013501855049,0.6069354723832538
5.0,62.0,63.0,4.532596856196994,2.970007471675564,2.263650255626623,0.001,0.009,0.028,0.0803981383060667,0.0867408758930635,0.1277424986815043,0.5900493010525255
5.0,62.0,8.0,3.2510110323475256,2.0208473530080373,2.40243160300572,0.001,0.039,0.019,0.0803981383060667,0.0945984438168608,0.1170687674085424,0.6250397397194205
6.0,31.0,52.0,5.051467337365227,3.958716876879841,2.0079556753421555,0.001,0.001,0.039,0.0377151253645617,0.0937977313962695,0.1203496487971181,0.6450232602761603
6.0,31.0,82.0,3.747051428937501,2.614226986365068,0.8794417416905329,0.001,0.015,0.166,0.0377151253645617,0.0710369033358333,0.1102150823751914,0.5954554225608382
6.0,31.0,85.0,2.976706001415045,2.006841691146786,2.380525113076021,0.003,0.043,0.02,0.0377151253645617,0.0795388007445862,0.1035961689520247,0.6028757201643365
6.0,31.0,90.0,2.788614493736913,3.040459811595269,3.289330595688315,0.003,0.009,0.005,0.0377151253645617,0.0706550829804326,0.1021419149292314,0.6619213983451194
6.0,39.0,1.0,4.0928032564136965,1.2170699734903918,1.6243044339077972,0.001,0.118,0.074,0.0340556759909151,0.0898371279523226,0.113844717838541,0.6863752544887743
6.0,39.0,74.0,3.224400692589258,4.663503857033395,0.573925853169281,0.002,0.001,0.239,0.0340556759909151,0.0752014570523858,0.1072245385645326,0.5634768918362633
6.0,57.0,42.0,11.557174433491475,1.7692561235647348,1.2324765092744707,0.001,0.062,0.919,0.394146586330093,0.4410841824112783,0.3096260682864823,0.6862212107780306
6.0,57.0,43.0,3.919414849355676,2.850228293118198,1.0788963471522248,0.001,0.01,0.143,0.394146586330093,0.3502283092324232,0.2198521593123518,0.6811913230848001
6.0,57.0,61.0,4.327997427124452,0.842171635857208,0.1414129232624138,0.001,0.186,0.514,0.394146586330093,0.3557296222390084,0.2251646462311795,0.6833296121338698
6.0,57.0,72.0,2.725283104542169,2.015790867355756,0.1169891421960802,0.002,0.034,0.499,0.394146586330093,0.3743372814909437,0.2055708998409301,0.5767684388680118
6.0,63.0,28.0,3.639703308835474,1.8691921742005655,1.5960367167610054,0.001,0.045,0.07,0.0057629846001852,0.0668325087911244,0.1009154995372926,0.6274488293941962
6.0,63.0,39.0,2.6712903983996346,3.275980877811267,3.666433757182612,0.004,0.003,0.002,0.0057629846001852,0.0537135095241776,0.092883517294966,0.5060922892098358
6.0,63.0,52.0,4.747197435207299,2.6120085259210315,1.217809079456636,0.001,0.016,0.114,0.0057629846001852,0.076853048046497,0.111630979620742,0.6228692270934817
6.0,63.0,84.0,3.78653700072533,1.6216758058757244,1.5575126716610226,0.001,0.069,0.074,0.0057629846001852,0.0604608619990108,0.1036860600577869,0.6201362477080578
6.0,100.0,17.0,3.4076893560224306,0.4392821444201665,1.8439361645622865,0.002,0.304,0.984,0.306791575599223,0.2963719707704733,0.2070472544047415,0.6877780201702873
6.0,100.0,27.0,5.509075565542199,2.007642581521008,0.330039064317712,0.001,0.041,0.582,0.306791575599223,0.3228104033168407,0.229307600523395,0.6568017916024451
6.0,100.0,34.0,4.20434409542777,1.1478854852144322,0.1787088794994941,0.001,0.117,0.377,0.306791575599223,0.3028927215156095,0.215208097239516,0.6738503459331723
6.0,100.0,51.0,21.52284254837406,5.364446373762271,0.6787412674088673,0.001,0.001,0.218,0.306791575599223,0.4797413251865657,0.4095229327170749,0.6576869372056013
6.0,100.0,78.0,3.731906309604617,4.825221544060282,1.3578257847807005,0.001,0.001,0.087,0.306791575599223,0.3024168176486749,0.2113020047316398,0.6886898996836244
7.0,22.0,1.0,3.3501169067346983,3.6995575595190298,0.3210043475027211,0.001,0.005,0.598,0.0557457538296981,0.0889778216838255,0.1156944324027032,0.5632338734209211
7.0,22.0,20.0,3.85098584991115,1.4173086771924823,1.499332506160717,0.001,0.084,0.08,0.0557457538296981,0.0997660809484541,0.1203147674463013,0.7169427368621516
7.0,22.0,34.0,3.613069807448528,1.826655372176997,1.8515379165302723,0.001,0.05,0.044,0.0557457538296981,0.0912415838788784,0.1160438167530783,0.5958086841717859
7.0,22.0,36.0,3.0865423393430347,3.0453024251164327,0.8019791838589903,0.001,0.01,0.792,0.0557457538296981,0.0858846034320622,0.1117976564500145,0.6424897410374644
7.0,22.0,71.0,3.020049441282925,1.027361282303994,1.4905599319019558,0.001,0.161,0.092,0.0557457538296981,0.1048296500095517,0.1121541466188342,0.6940937471184869
7.0,62.0,26.0,2.9271211726738087,3.585410550639619,3.805417728514852,0.003,0.002,0.002,0.0295077280377453,0.0799181245674528,0.1029854281589438,0.6181635982685522
7.0,62.0,52.0,4.909995247565435,2.465298618057593,1.5481078131393835,0.001,0.016,0.079,0.0295077280377453,0.1116152593632349,0.1205615188548951,0.6925094614359045
7.0,72.0,23.0,4.347454690654189,2.114753432647886,1.1856453998576613,0.001,0.023,0.123,0.3114647577597855,0.3693256382303949,0.2302517008482203,0.6964204213242648
7.0,72.0,30.0,3.817178035591718,1.1826546878735578,0.9914619278845398,0.001,0.134,0.853,0.3114647577597855,0.3687107723402721,0.2230104230553952,0.6758951808150195
7.0,72.0,32.0,3.442227039663327,2.5622070363574405,0.1004069510984158,0.001,0.014,0.492,0.3114647577597855,0.372095319676275,0.2151667796544702,0.6887527161734815
7.0,72.0,56.0,20.966512069237663,4.708429313968371,0.5375426420187633,0.001,0.001,0.667,0.3114647577597855,0.4973163091941299,0.4337471009300612,0.6941964864785319
7.0,72.0,94.0,4.304911968981751,2.3161909047164526,3.5091983993521176,0.001,0.025,0.002,0.3114647577597855,0.3680234859673449,0.2262883369140639,0.6788107353151626
7.0,90.0,23.0,4.357658254175548,1.7391736203097516,0.0227202081354211,0.001,0.055,0.475,0.3647848843181265,0.3908438647232901,0.2310343721563148,0.6296634802707359
7.0,90.0,62.0,4.496312750183548,2.9224376958691027,0.1988762932669562,0.001,0.005,0.54,0.3647848843181265,0.4163903706587802,0.234256506835366,0.6663702163931223
7.0,90.0,89.0,4.501201778473077,2.289192514960716,0.4627896481196181,0.001,0.023,0.307,0.3647848843181265,0.391563001972948,0.2323349052826138,0.6605857885650898
7.0,90.0,94.0,5.497672587359599,3.251020416844922,0.7895949855807521,0.001,0.003,0.207,0.3647848843181265,0.4207715371823108,0.2455179811493727,0.6159862921899972
7.0,90.0,9.0,20.725402543651377,4.601024757423308,1.465750658694017,0.001,0.001,0.952,0.3647848843181265,0.5424595701115376,0.4315999610495032,0.6711918990214903
8.0,24.0,27.0,4.1666908607582815,2.4200368905413043,1.7128287201400134,0.001,0.022,0.063,0.3997165259975324,0.4178177420918982,0.2238833136670245,0.7021688770673847
8.0,24.0,47.0,3.150332193236255,0.7793869611580182,1.3020926041377727,0.002,0.195,0.921,0.3997165259975324,0.4096793444142187,0.2117912901467576,0.6878548086628968
8.0,24.0,78.0,15.34360131944882,5.216833503856175,0.0684747528213726,0.001,0.001,0.489,0.3997165259975324,0.5033780225173276,0.3582527428778855,0.6960617385061251
8.0,24.0,79.0,2.989973199295105,1.1280603044516333,1.4476811530031597,0.003,0.126,0.084,0.3997165259975324,0.4052500351602345,0.210168508654164,0.7006484920782726
8.0,24.0,96.0,3.0478293893127795,2.7569919339722384,1.0936122426993655,0.001,0.009,0.135,0.3997165259975324,0.4062140642084746,0.2113705409924693,0.6599018717637104
8.0,45.0,37.0,3.393394686920084,2.995915030085572,0.7358466363342915,0.001,0.01,0.196,0.0234335083886385,0.0705756123295866,0.104354309923246,0.5928852293292057
8.0,45.0,54.0,3.2669522295651525,1.9703945244108971,1.7881299073672372,0.004,0.052,0.064,0.0234335083886385,0.0657159374095831,0.1029934981335557,0.6167201557204409
8.0,45.0,81.0,3.5907324879013283,1.9901557334138864,1.178342172867335,0.001,0.044,0.131,0.0234335083886385,0.0765039683991826,0.1061409820189908,0.6646067966329301
8.0,45.0,97.0,3.0505524157267887,2.6124245641478927,1.0756027635475554,0.001,0.021,0.132,0.0234335083886385,0.0686930877862737,0.102077247122625,0.6762629464488308
9.0,94.0,29.0,3.039666582000405,0.6487867370406778,1.0489122632000083,0.001,0.217,0.146,0.0914509595915138,0.1120692206319629,0.1233313565045581,0.6154672220443475
9.0,94.0,59.0,2.9949366576756224,3.086770984754048,0.5945577625996986,0.001,0.005,0.259,0.0914509595915138,0.1071626052330504,0.1222087534615842,0.5819596649088964
9.0,94.0,69.0,3.128822844256126,1.809156637497382,1.146976688815207,0.001,0.049,0.122,0.0914509595915138,0.1081660119544048,0.1248507728424734,0.6942887152869607
9.0,94.0,82.0,2.903393460472201,1.3939409242839016,1.2202740500814424,0.002,0.091,0.115,0.0914509595915138,0.1254797642513918,0.1232977365383232,0.6397840640310025
9.0,94.0,87.0,3.040962844883336,2.634687776161149,3.249312728988976,0.003,0.019,0.008,0.0914509595915138,0.1174562837205202,0.1233479956329535,0.6799171245629589
10.0,64.0,25.0,3.4754773813724875,4.618043477452427,4.68329750355708,0.001,0.001,0.001,0.0457627540003988,0.0682795419704798,0.1095790218904059,0.6742298902173118
10.0,64.0,27.0,4.086444126511742,2.607234977059193,1.2388609675516795,0.001,0.013,0.921,0.0457627540003988,0.0751472587506287,0.1150824800315851,0.5309011488562296
10.0,64.0,35.0,3.30867657706689,3.8277765832344928,0.3283890367034403,0.004,0.002,0.309,0.0457627540003988,0.071344441387758,0.1082320317890312,0.5990893834431082
10.0,64.0,42.0,3.865396952045901,3.222286279415389,0.4292629191659998,0.001,0.008,0.29,0.0457627540003988,0.073386890065219,0.1126287950106644,0.6175202260524354
10.0,64.0,44.0,4.618990231744566,3.6761609297671214,1.887785353250334,0.001,0.002,0.052,0.0457627540003988,0.0822202649228757,0.1182271964960887,0.6283743253449499
10.0,72.0,68.0,4.639317367368036,4.426430271766288,0.1102072986583376,0.001,0.001,0.39,0.0555959060532886,0.0729045434284802,0.1118876378145281,0.6675428360092847
10.0,72.0,96.0,3.0902200527343604,3.907342826748324,2.191753155301005,0.001,0.002,0.031,0.0555959060532886,0.0644244237452761,0.1002664344549339,0.630654327929238
10.0,80.0,12.0,3.4779764597079645,2.964458831707009,1.1317911611326856,0.001,0.009,0.9,0.0438297711997961,0.0876697656690851,0.1122785814325817,0.7113749486309535
10.0,80.0,28.0,3.38302498781541,2.587797049054269,0.3194855581802469,0.001,0.018,0.329,0.0438297711997961,0.077603952670353,0.1135484652763929,0.5447696152528821
10.0,80.0,52.0,4.205022377093303,1.9999709492611657,0.9426004892740985,0.001,0.04,0.158,0.0438297711997961,0.0961434496729592,0.1185897619790147,0.6651475418678306
10.0,80.0,69.0,3.5354913072418745,0.5292813876509206,0.9649210898569645,0.002,0.259,0.161,0.0438297711997961,0.0907478416081007,0.113893479060555,0.5992977202793179
10.0,80.0,95.0,3.7405323708033498,5.300780303538656,0.9888701076236536,0.001,0.001,0.143,0.0438297711997961,0.0773859870492137,0.1147384409054537,0.5734199088521739
10.0,95.0,2.0,3.294884294087941,1.62091757656877,1.957836929744162,0.002,0.062,0.039,0.0268910721175572,0.0627050759628373,0.1043306484731221,0.6129050964489434
10.0,95.0,4.0,4.294435195507362,1.9285025144518,1.8870700989543203,0.001,0.044,0.044,0.0268910721175572,0.0781716371390986,0.1125085270528999,0.6191356259034739
11.0,29.0,14.0,3.0352615008085926,4.089496293514038,4.500234567890491,0.001,0.001,0.001,0.0481263000473539,0.0871653865509023,0.1103897208489914,0.5966286007917372
11.0,29.0,22.0,3.3402456530904105,1.3112588188387593,0.3630841684703431,0.001,0.101,0.307,0.0481263000473539,0.095915393688447,0.1137655568038375,0.6732755436024448
11.0,29.0,54.0,2.864697431040425,1.7229954408016217,0.6265631458190468,0.003,0.06,0.219,0.0481263000473539,0.0849013343708413,0.1096733207104191,0.5285375503388196
11.0,29.0,60.0,3.868550773055376,1.0340725874359,0.47667521318246,0.001,0.155,0.272,0.0481263000473539,0.0931551007168428,0.1187470760766785,0.5917523095223172
11.0,29.0,64.0,3.9587524195970025,2.0216337315357773,2.128781834150168,0.001,0.04,0.037,0.0481263000473539,0.0868297853319813,0.11787410835698,0.7029281534919843
11.0,30.0,52.0,4.94743011725104,1.314759191179891,1.666860793638609,0.001,0.095,0.059,0.0537391173735608,0.1012880648808556,0.1157037758166361,0.5807941216866138
11.0,30.0,68.0,3.754408055285006,3.744098129616333,4.068199138231459,0.001,0.005,0.002,0.0537391173735608,0.0647274823755635,0.1051814452178605,0.6549996737625972
11.0,45.0,52.0,4.6346751709730105,3.595412145224273,3.805211865994786,0.001,0.003,0.002,0.0187009025205568,0.0846621096150089,0.1139362315874982,0.6134243358593175
11.0,55.0,12.0,3.2266010330622774,2.6234541060230265,1.6159550805318232,0.002,0.018,0.076,0.0879065545606634,0.0823133835400915,0.1138759231792145,0.6714434001556544
11.0,55.0,2.0,3.633402580291948,2.580324947513191,0.0089703475138943,0.001,0.014,0.423,0.0879065545606634,0.0921250007276673,0.1194467145106882,0.6357585969957014
11.0,78.0,13.0,2.9148867546474477,1.4248853614036776,1.7003959187286002,0.002,0.099,0.062,0.0619691467952163,0.0769110634333137,0.1083672520366823,0.6381086898994821
11.0,78.0,34.0,2.9409779864106915,2.0329219951630564,0.584557137469712,0.003,0.037,0.229,0.0619691467952163,0.0910021861967101,0.1092062826734291,0.6157822968970579
11.0,78.0,52.0,3.9076715977347134,0.3420687436582919,0.8176124164479708,0.001,0.341,0.193,0.0619691467952163,0.0910888185471336,0.1165618659486004,0.6574528800147725
11.0,78.0,5.0,3.171617184930848,3.9822582183295703,2.067631902399492,0.001,0.001,0.044,0.0619691467952163,0.0846416663271404,0.1113986829539406,0.5842957486919053
11.0,78.0,60.0,3.924407917414364,4.720175545642699,2.167220847371925,0.001,0.001,0.028,0.0619691467952163,0.0797703161184551,0.1168090502817697,0.6204682452933723
11.0,93.0,52.0,4.050129658233449,1.0553300660354223,1.4351211776212778,0.001,0.144,0.09,0.0443165555477786,0.0982477876235297,0.1102870861288597,0.5937337095804115
11.0,93.0,5.0,3.2916450860101665,2.185235381394812,1.3677473094485284,0.001,0.031,0.086,0.0443165555477786,0.0789334307871422,0.1035979944947182,0.6547259922914507
11.0,93.0,95.0,5.370775895862955,6.120371952048703,0.3703064603039291,0.001,0.001,0.306,0.0443165555477786,0.0734462991840866,0.1220983829226199,0.6165071967685616
12.0,43.0,15.0,3.014189423397384,2.60700604645338,2.8432240847245622,0.003,0.016,0.013,0.0,0.0572718115671986,0.0902997181223608,0.5891575238939466
12.0,43.0,52.0,4.447015088932485,2.472526216722592,1.8263835014957768,0.001,0.022,0.048,0.0,0.0725703921901204,0.1006294007756127,0.6520851569686023
12.0,43.0,71.0,3.36740726833976,2.698318359250646,0.2021406969480164,0.002,0.017,0.523,0.0,0.0600672604506176,0.0924553457342647,0.5694852565880519
12.0,43.0,78.0,4.402139432547226,1.0173005313547203,1.0515752474341131,0.001,0.151,0.151,0.0,0.0676634792323408,0.1012368297844626,0.5693396047015177
12.0,43.0,9.0,3.528362986266482,2.738955008826529,2.1032273177878733,0.002,0.018,0.031,0.0,0.0564033070632687,0.0951303811725389,0.6499661584642814
12.0,65.0,40.0,4.4787739584753625,4.217278997364401,0.325453816269976,0.001,0.001,0.323,0.0194631098446551,0.0736680821834176,0.0997992792692184,0.6396486193460229
12.0,65.0,94.0,2.9916950113009912,1.2774463507879728,1.5559942025896008,0.003,0.094,0.066,0.0194631098446551,0.0585620945320798,0.0901213802248686,0.5072809009902031
12.0,97.0,15.0,3.127283057569051,1.088552374232592,0.0035927529590796,0.001,0.127,0.428,0.1566058479977838,0.1586989311667853,0.1472924508931262,0.6760970313686142
12.0,97.0,51.0,3.6636517582229926,1.96666260997724,0.8049037009350763,0.001,0.039,0.196,0.1566058479977838,0.1723619002140778,0.153058404481375,0.6048008012634782
12.0,97.0,69.0,4.144115358361656,4.370424086356671,3.01013817687328,0.001,0.001,0.007,0.1566058479977838,0.1881908160159121,0.156845077773002,0.6328055119892242
12.0,97.0,71.0,5.693457739990119,5.40656834673402,1.3567099782538292,0.001,0.001,0.104,0.1566058479977838,0.1836826457878116,0.1711766428516705,0.694082466749481
12.0,97.0,82.0,4.222811209909467,1.512381129560062,0.0238016047532316,0.001,0.085,0.461,0.1566058479977838,0.1794262354028802,0.1557031075779022,0.679298755620713
13.0,67.0,100.0,4.339266315899613,2.1997475088474907,0.3213803126106038,0.001,0.029,0.582,0.3093624354735276,0.307808964144039,0.2219578312072677,0.6208615485333893
13.0,67.0,17.0,9.461335163020346,2.5862003827438587,1.2283883328268024,0.001,0.014,0.902,0.3093624354735276,0.3458016176434247,0.2858606764558944,0.6583897610835946
13.0,67.0,19.0,5.399734520463608,2.688144873629928,0.2828260283268418,0.001,0.015,0.352,0.3093624354735276,0.3239206919106625,0.2357983656717685,0.5845980912014287
13.0,67.0,34.0,5.224359175278669,2.519652163078984,1.6464691490153085,0.001,0.016,0.981,0.3093624354735276,0.3265999375381178,0.2325711582334817,0.685154520271724
13.0,67.0,51.0,21.819752805571788,5.9841968749718815,0.959900212571807,0.001,0.001,0.16,0.3093624354735276,0.4583844631964217,0.4291516498728503,0.6355975450744019
13.0,76.0,35.0,4.4962431486466015,1.8596622775721336,0.796170802632335,0.001,0.041,0.196,0.3886284855028608,0.4123000693018584,0.2386944318932131,0.6849183376653626
13.0,76.0,72.0,19.883808815708782,4.937281131157772,2.624127368276053,0.001,0.001,0.014,0.3886284855028608,0.5105818253995039,0.4189728987475942,0.686075254971955
13.0,76.0,7.0,10.843655637759907,2.081253680182506,0.1709456502319109,0.001,0.027,0.531,0.3886284855028608,0.4364979820423378,0.3206990811461419,0.6882993264580292
13.0,76.0,80.0,4.714053697037,1.1901160384538847,0.3579011317390285,0.001,0.123,0.328,0.3886284855028608,0.4168629675173917,0.2384732180055082,0.6852557984854383
13.0,76.0,90.0,4.552812308639202,2.412929870154993,0.7953965558848884,0.001,0.013,0.784,0.3886284855028608,0.3981336410792547,0.2369588723776113,0.6891927012662037
13.0,85.0,12.0,3.4062855664687985,2.110455964243936,2.4075289445559123,0.002,0.034,0.022,0.0176124799218024,0.0748918026089114,0.1023506922305215,0.5268767372307205
13.0,85.0,51.0,3.092199418278678,4.587289547234918,4.477255653758883,0.001,0.001,0.001,0.0176124799218024,0.0634270342236097,0.101460531375955,0.6126565861455383
13.0,85.0,52.0,3.3475277697217773,2.066116077309448,2.4128918002564377,0.001,0.04,0.023,0.0176124799218024,0.0872581462864144,0.1029490869565542,0.5531361436573721
13.0,85.0,75.0,3.155368852566974,0.7140080164292656,0.7721102807074545,0.001,0.204,0.205,0.0176124799218024,0.0825700666690967,0.1011588553188485,0.6179805405452964
14.0,37.0,1.0,4.422927715917777,1.4371626652843197,1.106023753342157,0.001,0.081,0.127,0.0915612477317155,0.1204278123262553,0.1388276543455696,0.5882344505318883
14.0,37.0,52.0,5.083809308481608,5.303865711141564,5.663779642021167,0.001,0.001,0.001,0.0915612477317155,0.1319918019677883,0.1439224090989522,0.6430509950988289
14.0,37.0,54.0,3.965666955795052,5.442747440922828,0.8350205147368991,0.001,0.001,0.806,0.0915612477317155,0.1249559492838734,0.1353862616807049,0.584007007839728
14.0,37.0,77.0,4.34113355684854,4.64453970186952,0.1351526320397361,0.001,0.001,0.393,0.0915612477317155,0.1102443402723924,0.1402493915820074,0.6798702369350637
14.0,37.0,84.0,3.8821716236729618,1.916631385580615,0.0004682820044838,0.001,0.048,0.442,0.0915612477317155,0.1238247149982076,0.1362197151807917,0.652784509331235
14.0,42.0,11.0,3.5626532370175283,2.2811473769931423,2.939201393538771,0.001,0.034,0.01,0.0594013485397484,0.0956352017157548,0.1219156184808246,0.5109894985085959
14.0,42.0,36.0,3.12206795879212,2.513769082996014,0.4096565177064128,0.001,0.017,0.633,0.0594013485397484,0.096594472524863,0.1194616214440028,0.592301691008567
14.0,42.0,47.0,2.9980681372294136,2.84132778106322,3.300364057471153,0.002,0.016,0.008,0.0594013485397484,0.0895407245271446,0.1187757648565673,0.6120127278311494
14.0,42.0,84.0,3.2737849121774416,2.9280570465090623,2.5316606194185622,0.001,0.01,0.015,0.0594013485397484,0.0937080872530566,0.1214317525843094,0.5845080234400205
14.0,42.0,9.0,4.338066088823248,5.447728759780502,1.8046133729835252,0.001,0.001,0.051,0.0594013485397484,0.0977871713254118,0.129853950629556,0.6730283725784053
14.0,46.0,15.0,4.800358313615904,2.015458494712258,2.462587259169037,0.001,0.035,0.021,0.060686549661022,0.0912635434899713,0.1196362477834527,0.5879623082714759
14.0,46.0,36.0,3.3313027091582565,2.3890902608157942,2.724413774551929,0.001,0.026,0.021,0.060686549661022,0.0734851365168633,0.1074678990246099,0.6123944715659538
14.0,46.0,52.0,5.431472483505756,4.375531749410295,0.0459721133006378,0.001,0.001,0.435,0.060686549661022,0.1044115899606716,0.1260269638830407,0.6367002874450348
14.0,46.0,60.0,4.3056657294713405,3.101431374324384,1.5408988053887591,0.001,0.005,0.073,0.060686549661022,0.0907855255270985,0.1143066174305046,0.6218362697260832
14.0,46.0,70.0,3.5630051101170386,3.801942969195316,0.1442132578048299,0.001,0.003,0.488,0.060686549661022,0.0658290519350701,0.1102334036658959,0.5633313505939073
15.0,75.0,21.0,3.576145255532029,3.9590863827484495,3.212691326523008,0.001,0.003,0.009,0.0898592932848041,0.0875834991822685,0.1218118805869883,0.5751661239182383
15.0,75.0,27.0,3.4476659688743574,2.9790884291416835,3.4174031444634787,0.001,0.007,0.005,0.0898592932848041,0.1012359825306217,0.1204408550540356,0.6309908593180554
15.0,75.0,38.0,4.360138312194245,3.2387558576273565,0.1877701201656466,0.001,0.007,0.523,0.0898592932848041,0.1012022069224925,0.126597752475094,0.6638753420797632
15.0,75.0,52.0,5.550920560945613,4.416649371871408,0.1335361323367543,0.001,0.001,0.396,0.0898592932848041,0.1313981524520556,0.1374874336901941,0.6013601420564267
15.0,75.0,58.0,3.3763592430800555,1.3775634623142583,1.6412210222064223,0.001,0.093,0.065,0.0898592932848041,0.1142130575844553,0.1198096114639757,0.5542844936164745
15.0,83.0,11.0,5.207392275750841,6.640037160465225,2.8529438151631865,0.001,0.001,0.007,0.0769804818848829,0.0968488856504246,0.1275951139170373,0.5038302693430624
15.0,83.0,12.0,4.007208734593306,3.895719421575898,2.8020540115070736,0.001,0.001,0.012,0.0769804818848829,0.0881041554965403,0.1191213355584835,0.5984784188425801
15.0,83.0,47.0,3.4582032301545924,0.9505392720137352,0.093649917124933,0.002,0.159,0.493,0.0769804818848829,0.1001609582680019,0.1134297983197222,0.5914520332515538
15.0,83.0,77.0,6.865622549197163,6.163504403118385,0.5140453899336339,0.001,0.001,0.659,0.0769804818848829,0.0923395707794928,0.1427261155619896,0.5832443641818379
15.0,83.0,94.0,3.684647672044543,4.770291716834167,0.924557571943784,0.001,0.001,0.833,0.0769804818848829,0.0915500320982972,0.1155778077466017,0.5903616381614875
16.0,59.0,36.0,2.8640877453819744,1.1932594889694863,0.9629137003613524,0.001,0.116,0.147,0.0534454562665986,0.0952623589273705,0.1107577806627818,0.6955248415971879
16.0,59.0,40.0,4.604735061804052,4.371825426835157,4.638146531450068,0.001,0.001,0.001,0.0534454562665986,0.1039502123425458,0.1244338262133427,0.7085915599519973
16.0,59.0,52.0,2.9147128402145435,2.568919381429478,0.4717078181181417,0.001,0.021,0.274,0.0534454562665986,0.0878394981704725,0.1094648356977641,0.6339399655113486
16.0,59.0,54.0,3.305716244191394,0.9177885493641916,0.7770842689630024,0.001,0.175,0.195,0.0534454562665986,0.0882566152154825,0.114296610005529,0.6577829600850847
16.0,74.0,41.0,3.096069068021328,1.0965084770882665,1.3663924672117655,0.002,0.137,0.092,0.0993847179017368,0.1230825362290407,0.1296589005397284,0.6975334373067347
16.0,74.0,70.0,2.9996307968003224,4.337161698741472,2.482589259898482,0.001,0.001,0.014,0.0993847179017368,0.1069809837625797,0.128303613593168,0.6772965912559203
16.0,74.0,98.0,4.72290877520841,3.0234209714820315,1.7990727962055315,0.001,0.007,0.051,0.0993847179017368,0.121954592802439,0.1418677401628223,0.6097613073844645
16.0,85.0,78.0,2.935134751345556,1.934919333187414,2.347300905511592,0.002,0.04,0.022,0.0110071496462094,0.0663036908820334,0.0995686682809057,0.6595800405331151
16.0,92.0,14.0,3.632902224857818,2.8200296330689003,0.5895132045970408,0.001,0.012,0.247,0.0325422939075137,0.0693555223572772,0.1009163708799828,0.5983056375926931
16.0,92.0,40.0,3.01490686016632,1.5805405141032594,1.2390193444171869,0.001,0.086,0.119,0.0325422939075137,0.0681561411976017,0.0978600480767258,0.5767409469197389
16.0,92.0,70.0,3.202142115257936,2.7425726165473145,3.090124508730068,0.002,0.014,0.011,0.0325422939075137,0.0560425520224874,0.0990280532352092,0.625068092468352
16.0,98.0,14.0,3.87408374020238,1.155920561537373,1.5191133874412166,0.001,0.114,0.076,0.0408867931036693,0.0759774427902891,0.1043416603979901,0.609027075094755
17.0,34.0,16.0,2.9458903651090367,1.0929397320270098,1.0036573293005309,0.002,0.133,0.852,0.4580580424481448,0.4717606808305909,0.2199511144209064,0.6412820785963832
17.0,34.0,38.0,19.89351800456296,4.721053831648024,0.5938404695436913,0.001,0.001,0.252,0.4580580424481448,0.5583103183393415,0.4312934492889995,0.6650557619270018
17.0,34.0,48.0,3.361665840883758,1.5730829570608034,0.4379742923622349,0.001,0.068,0.296,0.4580580424481448,0.4769383704493061,0.2243492666060279,0.5756698516863894
17.0,34.0,4.0,6.7574567444890645,3.214475546539834,0.91489545853539,0.001,0.001,0.17,0.4580580424481448,0.4737558247547163,0.2635480747496027,0.6779012489515492
17.0,34.0,52.0,3.5260267044917533,3.5688281682216454,0.6004849097211934,0.001,0.005,0.252,0.4580580424481448,0.4646227079760739,0.2281532170117572,0.6734298374296943
17.0,51.0,38.0,3.07486192503611,0.9153210170874124,0.5168780155677278,0.003,0.165,0.265,0.0762519096134033,0.1409591356385688,0.1326674944602564,0.6144235201069072
17.0,51.0,52.0,3.645772221568905,1.0403284785055962,0.3235125871654311,0.001,0.151,0.343,0.0762519096134033,0.1521890510743226,0.1364035326027108,0.5913318176919697
17.0,51.0,77.0,3.075090860096862,1.8946419717763656,0.6204856053568488,0.003,0.051,0.698,0.0762519096134033,0.1203966701602531,0.131543933707498,0.6359161298692835
17.0,51.0,91.0,3.054250683957646,2.49171571301384,2.0917670353182283,0.002,0.022,0.032,0.0762519096134033,0.1249625850298298,0.1325939910567364,0.6786990012849418
17.0,57.0,14.0,2.9062078444350568,2.30935427949353,1.3864407320075889,0.004,0.026,0.094,0.0306930525356667,0.0711828510124049,0.1012410409998086,0.6124448182506971
17.0,57.0,20.0,3.0330943834831308,4.973862535747767,0.442070788399602,0.002,0.001,0.292,0.0306930525356667,0.0623144959959955,0.1008816408759961,0.5472109145405577
17.0,57.0,4.0,3.612414856490036,2.28433325828005,2.590268898358956,0.002,0.03,0.021,0.0306930525356667,0.0689352077989107,0.1065892137351754,0.7178345323001932
17.0,57.0,52.0,4.851127735554427,4.146376148407407,3.034885449287904,0.001,0.002,0.009,0.0306930525356667,0.08872169021771,0.1163862589959169,0.5067365941318744
17.0,57.0,9.0,2.882926448847487,1.5126366180235322,0.5270619051955485,0.002,0.071,0.261,0.0306930525356667,0.0721124873297991,0.1023506686254524,0.6366964252987969
17.0,67.0,13.0,3.4984076953380607,0.9452091025322242,0.712542356711108,0.001,0.167,0.222,0.0357759430708801,0.0784679499167403,0.1053538288184757,0.618343905961538
17.0,67.0,26.0,3.318233792855231,1.4915968808124906,1.7541350098988957,0.001,0.084,0.062,0.0357759430708801,0.0728724622723141,0.1044423691095941,0.5309279257538013
17.0,67.0,48.0,3.507734954000785,2.686424125889709,2.0759416021498507,0.001,0.014,0.037,0.0357759430708801,0.0790791761763967,0.1059892771300985,0.5691091126764928
17.0,67.0,76.0,3.173701872917607,3.7641298383909145,0.2996399328029377,0.001,0.003,0.55,0.0357759430708801,0.0661805341468325,0.1029688249682245,0.610175710896265
17.0,67.0,86.0,3.156930189514981,1.538498258574576,0.2102936072240044,0.004,0.078,0.342,0.0357759430708801,0.0763808334091486,0.1022609301903896,0.5570668593543752
17.0,94.0,52.0,3.1211618690698275,0.2323677415760947,0.0032568638624799,0.002,0.368,0.443,0.0469832060616033,0.0834748428854205,0.1070551617309123,0.6646131945626178
17.0,100.0,32.0,2.9764087481389367,2.196815056002715,0.6805939347179637,0.002,0.029,0.218,0.0818704602862396,0.0928674273868641,0.1126026749953728,0.6674221818400659
17.0,100.0,82.0,3.391180528282026,1.561270059336355,0.2655032503346497,0.001,0.075,0.342,0.0818704602862396,0.0951657783440951,0.1154726427161212,0.6361972543898754
18.0,31.0,40.0,3.1867820209946824,1.22685445066113,1.6886809565235303,0.002,0.111,0.061,0.0807869921768551,0.0968770579744079,0.1121815424413116,0.6765441755009237
18.0,31.0,52.0,2.8286507164844905,3.7996067849074726,0.1655797338818798,0.004,0.003,0.369,0.0807869921768551,0.0960347654651613,0.1083231480984213,0.6374035451089068
18.0,31.0,69.0,3.582797101338472,2.719107234090053,1.1256129028531945,0.001,0.015,0.13,0.0807869921768551,0.0880333501603292,0.1141833413645541,0.6936257516116401
18.0,31.0,97.0,3.925100468573953,4.997461503245519,1.9395443772348169,0.001,0.001,0.043,0.0807869921768551,0.0913223490379425,0.1178112099177335,0.5823379713549321
18.0,39.0,35.0,2.979383106743823,5.237328881336428,4.656271337557217,0.002,0.001,0.001,0.0307516608319042,0.0515017828776314,0.0982170261438722,0.6323615025908995
18.0,53.0,28.0,3.153321018038592,4.244268401137434,2.613241962635596,0.001,0.002,0.019,0.0883594245616903,0.1003481138501105,0.1210245890174436,0.529468837454794
18.0,53.0,35.0,5.7205465858150815,5.183248628387655,2.863116513238184,0.001,0.001,0.01,0.0883594245616903,0.0995297976016183,0.1418974242449742,0.6410142798367167
18.0,53.0,52.0,5.410722826964982,3.701972922616836,1.1722597844307814,0.001,0.004,0.117,0.0883594245616903,0.1105036498478788,0.1403597009833354,0.6241321366618634
18.0,53.0,66.0,3.1631304213889733,2.0192549567970706,2.407601785002694,0.003,0.034,0.016,0.0883594245616903,0.0967364188180429,0.119430521551424,0.6435595257176479
18.0,53.0,79.0,3.1404911032796776,2.430785731618677,0.4040124071176796,0.003,0.021,0.304,0.0883594245616903,0.1060393162403018,0.119991721676852,0.6083081764629552
18.0,66.0,22.0,3.0785957217179063,2.2862087879335715,1.4731684902086015,0.003,0.027,0.077,0.065643917082947,0.0820663552059565,0.1080973518407942,0.6726958948214322
18.0,66.0,35.0,3.3001638572704235,1.768074134569808,2.187571987504189,0.003,0.057,0.036,0.065643917082947,0.0930094617493179,0.1118613382033244,0.615106124163126
18.0,66.0,40.0,3.600740350409413,1.7227551225499622,0.2615290018455673,0.001,0.055,0.561,0.065643917082947,0.1071112033881718,0.1128912939819726,0.6578681727452421
18.0,66.0,52.0,3.924040257893149,2.6399425178905074,1.543360082312272,0.001,0.016,0.069,0.065643917082947,0.0963789132731553,0.1150336903494441,0.5928063818153059
18.0,66.0,96.0,3.0837817789863373,0.455328372427972,0.9100527407019352,0.004,0.285,0.168,0.065643917082947,0.0848120240408971,0.1097997503484845,0.5330413614364664
19.0,32.0,54.0,3.462213269288718,1.7917585864168122,0.317373433665932,0.002,0.055,0.576,0.073203466088743,0.0764351307621272,0.1073477242053494,0.7080078489751653
19.0,32.0,72.0,3.1695804693647007,0.4270230419503264,0.7877574818384685,0.001,0.301,0.192,0.073203466088743,0.0757445529098196,0.1030649864202726,0.6890085980749245
19.0,32.0,76.0,3.485604522001683,3.2056317290984624,1.6102438832901385,0.001,0.007,0.07,0.073203466088743,0.0726785417571131,0.1069723881382183,0.7084771319776951
19.0,32.0,88.0,3.505673724533932,1.687630892938283,0.8070997807280755,0.001,0.058,0.193,0.073203466088743,0.0779830603065633,0.1067772376049639,0.6229658181001629
19.0,32.0,9.0,3.4892813822528685,3.9249640655006415,0.1993371799591161,0.001,0.001,0.381,0.073203466088743,0.0828280140809962,0.105869442368377,0.6654218321125392
19.0,46.0,31.0,4.001449581727191,2.9764966589682738,2.918539583810285,0.001,0.014,0.011,0.0310888442762431,0.0789835151774801,0.1156491400886927,0.6864096389608961
19.0,46.0,35.0,3.5638509773801887,2.2643572138911865,2.5835249226976025,0.001,0.025,0.015,0.0310888442762431,0.0872555653671784,0.1117384188829528,0.5433632595706972
19.0,46.0,45.0,3.402825614757272,1.954691375342493,1.3752695920585702,0.001,0.036,0.093,0.0310888442762431,0.0787774933175814,0.108820699799211,0.6001137517435015
19.0,46.0,52.0,4.37127820021772,3.0733744268318035,3.174684447454998,0.001,0.008,0.007,0.0310888442762431,0.0977658484567372,0.1193851660314028,0.5538769056221887
19.0,46.0,54.0,3.855048555487961,1.8406038154842903,0.2677366667822942,0.001,0.051,0.555,0.0310888442762431,0.0917909882166725,0.1130894270901266,0.5537976506404836
19.0,50.0,35.0,3.786649592369373,2.7597684873835626,1.6277398094664994,0.001,0.012,0.068,0.0359588150886658,0.0740584227202929,0.1078123267943954,0.6121635780590559
19.0,50.0,37.0,3.4559629977119863,2.508966332501664,1.813192457172165,0.001,0.021,0.053,0.0359588150886658,0.0707653645722867,0.1038856449025612,0.61476836081833
19.0,50.0,9.0,3.223237443174922,1.6568171694928844,1.9743367391917388,0.001,0.072,0.048,0.0359588150886658,0.0744807827189575,0.1026339565864967,0.5477147445821693
19.0,73.0,40.0,3.268789048962061,2.17972083099711,1.444358936951684,0.002,0.03,0.087,0.0492079179584266,0.098655563756482,0.1208282397447825,0.6497043589254111
19.0,73.0,52.0,3.5509622432155115,1.528327946573412,2.0572680299007624,0.001,0.077,0.035,0.0492079179584266,0.1075003830964251,0.1223741418359276,0.7127519251224724
19.0,73.0,54.0,5.601074514963788,3.8381862073248074,0.4936296261071543,0.001,0.001,0.661,0.0492079179584266,0.1194521403826522,0.1405907040754207,0.6410818469319576
19.0,73.0,77.0,4.92702073438166,3.359738788807318,1.3932415999739098,0.001,0.007,0.078,0.0492079179584266,0.1004009422675277,0.1355730432402024,0.6167331759704502
19.0,73.0,95.0,3.9329149668144425,1.4346659416301857,0.8939182422947974,0.001,0.085,0.174,0.0492079179584266,0.0911333880785103,0.1273409376490467,0.5475198453171412
19.0,83.0,35.0,3.5534541323340414,4.245348136126608,3.2426877157974765,0.003,0.001,0.005,0.0759365216295577,0.0930619220911162,0.1177831191903012,0.6745148866371032
19.0,83.0,52.0,3.348271160584693,4.020245072016742,1.737402402580295,0.003,0.001,0.064,0.0759365216295577,0.0987427704314666,0.116078643628571,0.6413282298403103
19.0,98.0,36.0,3.943094214413336,1.8082281743248247,2.0683453932334297,0.001,0.054,0.035,0.0623147906654688,0.0793082827032063,0.1174615597079086,0.6830265642802192
19.0,98.0,84.0,3.2859509116323475,4.881465795840142,0.5665346152811939,0.002,0.001,0.676,0.0623147906654688,0.0736185015936546,0.1124219655405036,0.5313613316665787
20.0,26.0,1.0,5.117029417707672,4.980690780773893,1.8591780762785584,0.001,0.001,0.045,0.1286599838660729,0.1233370472457925,0.14893934009623,0.5868704453990056
20.0,26.0,34.0,3.5962742345574665,0.8708908211418334,0.1076751713967187,0.001,0.19,0.489,0.1286599838660729,0.1344713740054206,0.1367160951603137,0.6819760287246343
20.0,26.0,59.0,3.450632361949911,2.280038225467625,1.4391934107727151,0.002,0.026,0.087,0.1286599838660729,0.1274040816981524,0.1356812338833569,0.6358067394834859
20.0,26.0,60.0,3.4744727665271684,1.418165611785675,0.2088301039212296,0.001,0.085,0.357,0.1286599838660729,0.1462447216115096,0.1351653916299076,0.7020860083853657
20.0,26.0,95.0,5.0159719761908965,4.061432981675539,1.228806187595669,0.001,0.001,0.109,0.1286599838660729,0.1290835865591187,0.147345943773644,0.5528025188873175
20.0,39.0,1.0,4.295540357820739,1.8481588431957252,0.355319142996376,0.001,0.058,0.31,0.0526751575913433,0.0815352078331187,0.1168360396918074,0.5998198653212801
20.0,39.0,37.0,3.5014630979604218,1.7316148915707978,0.9914102966874412,0.002,0.057,0.859,0.0526751575913433,0.0930227348445918,0.1117794926788498,0.5711108427198055
20.0,39.0,50.0,3.3477300844417304,5.032955153791622,5.164603522974216,0.001,0.001,0.001,0.0526751575913433,0.0657950596451028,0.108548293805178,0.6908073617836726
20.0,39.0,67.0,3.388617900111069,1.8495526690075963,2.2570182471891536,0.001,0.052,0.03,0.0526751575913433,0.0825167851229863,0.1104948680733405,0.6936974236528098
20.0,39.0,96.0,3.78608455875623,4.077540910189848,0.4428753294114967,0.001,0.001,0.293,0.0526751575913433,0.0794153261048535,0.1149474939739292,0.6190468907409842
20.0,48.0,25.0,3.149298093705872,0.8778529584614221,0.7648749224676835,0.001,0.177,0.763,0.5025738922477823,0.4709217376117121,0.228276192865832,0.6735032992345464
20.0,48.0,37.0,5.0983240410305255,2.0378622677435634,0.0114777773779097,0.001,0.028,0.46,0.5025738922477823,0.4776491072582016,0.2541473669138924,0.6810899425416901
20.0,48.0,52.0,3.25543500563541,1.604128670887042,0.8847224895120284,0.001,0.064,0.186,0.5025738922477823,0.4919162932868642,0.2304845017830802,0.6225110493132429
20.0,48.0,82.0,4.79027033604443,2.7102398396992657,1.4087650611748623,0.001,0.008,0.939,0.5025738922477823,0.4983675649479415,0.2538547018366499,0.6836030797885017
20.0,48.0,91.0,20.38393557241147,4.809666730165595,0.7993767326708291,0.001,0.001,0.198,0.5025738922477823,0.6090478533090495,0.4447654533593066,0.66723061609878
21.0,66.0,41.0,4.012055791025889,1.6413439364759612,0.5144952035799574,0.001,0.066,0.265,0.038851225067483,0.0914409311310218,0.1111581080780338,0.5570734157241277
21.0,66.0,58.0,3.486669204756791,1.496590842348899,0.8640701158889501,0.001,0.083,0.178,0.038851225067483,0.0897571577949569,0.1076119222726935,0.595802622435714
21.0,66.0,74.0,3.3663397699471203,2.541797630455273,1.76376539771818,0.001,0.017,0.054,0.038851225067483,0.0779544611776112,0.1061782705135411,0.6414567161694444
21.0,66.0,91.0,4.256710977115529,4.489233056241116,3.795636551685607,0.001,0.001,0.004,0.038851225067483,0.0799664945728628,0.113770100942002,0.6185762500142772
21.0,66.0,94.0,3.558136759026916,1.533436378637372,0.6717266585554856,0.002,0.077,0.208,0.038851225067483,0.0762546003429934,0.1091448917674578,0.5828419424420255
21.0,73.0,16.0,3.286231776423925,1.0341963114668764,0.3197744637917878,0.001,0.148,0.328,0.5275832295970027,0.521175237225195,0.2329423161733732,0.6516187195136119
21.0,73.0,2.0,3.72565850125224,2.384804200281244,1.5308053467622011,0.001,0.017,0.079,0.5275832295970027,0.5288481065729759,0.2382712356578624,0.6459846329895119
21.0,73.0,68.0,4.175262880363458,4.922170178282288,2.875275199186972,0.001,0.001,0.01,0.5275832295970027,0.5332387105056359,0.24298172370412,0.68958520210431
21.0,73.0,74.0,3.5315567721907413,0.93276921865414,0.970973762388743,0.001,0.181,0.84,0.5275832295970027,0.5060609483648105,0.2373450336885887,0.6683455272882971
21.0,73.0,85.0,18.92941502991686,4.412985943047518,1.011093847721294,0.001,0.001,0.851,0.5275832295970027,0.6247863030369468,0.4441406771910157,0.6694430994205762
21.0,76.0,27.0,3.977444702126932,4.089219724338403,2.0141529227928583,0.001,0.003,0.042,0.0433970419770961,0.0614920739048493,0.1066269053886207,0.7099009630486792
21.0,76.0,52.0,3.393988932911188,0.915202492937804,0.177108796699041,0.001,0.173,0.512,0.0433970419770961,0.0809923303102852,0.1007486474302725,0.6775040520496011
21.0,76.0,77.0,3.063888315729256,2.400116086965218,2.7387629132344613,0.001,0.026,0.014,0.0433970419770961,0.0595492472552016,0.0979735074866875,0.6020172001389079
21.0,76.0,82.0,2.8697548749258286,1.1141883784580788,1.3961169428703055,0.002,0.142,0.094,0.0433970419770961,0.0777475263022301,0.0961202691998069,0.652231831442344
21.0,76.0,95.0,3.319256699617744,4.826075076203808,4.540929025457867,0.001,0.001,0.001,0.0433970419770961,0.0742216725067952,0.1016803360146667,0.6118397977072452
21.0,85.0,10.0,3.197569491782369,2.516330698448511,1.7667140681325464,0.001,0.023,0.064,0.0307427090075105,0.0695697057926588,0.0993106970993546,0.5805703528282526
21.0,85.0,25.0,2.857605000358485,1.4090218258056015,1.7643299264837269,0.002,0.087,0.052,0.0307427090075105,0.0941054367998573,0.0969314954614975,0.6559616025203139
21.0,85.0,60.0,3.317385705425579,3.090229885394607,1.8662502544716195,0.002,0.007,0.05,0.0307427090075105,0.071225021668119,0.1005759422447928,0.5811367923074202
21.0,85.0,73.0,7.890127640405754,3.8880353073252394,2.3546648031155093,0.001,0.002,0.025,0.0307427090075105,0.1695808120820656,0.1361820469272907,0.6695001657388213
21.0,85.0,81.0,3.088624922724015,2.831491986908876,3.287869194629065,0.003,0.011,0.005,0.0307427090075105,0.0735250077996337,0.0963873291733846,0.5632467210421394
22.0,50.0,54.0,3.774225747813199,5.016869117179371,1.6880152853639698,0.001,0.001,0.067,0.0675071386827905,0.0738579344213043,0.1132870865502431,0.5294802740821052
22.0,61.0,11.0,3.866058879373371,1.3292571950621548,1.850828766221364,0.001,0.103,0.049,0.1323680078622526,0.1269189729719325,0.1343715620889556,0.5898208117177787
22.0,61.0,31.0,4.411022464161449,5.624982223732293,0.8893280581221863,0.001,0.001,0.166,0.1323680078622526,0.1229879311808264,0.1386985935258923,0.6096680232868582
22.0,61.0,46.0,4.006607779136568,2.531702542328464,1.9961381713549555,0.001,0.016,0.034,0.1323680078622526,0.1183389953753576,0.1350747904786955,0.6332759454689977
22.0,61.0,51.0,3.770959192068006,2.595167948951126,0.781371417514459,0.001,0.015,0.2,0.1323680078622526,0.1256731745208289,0.1322745631320231,0.637526323861083
22.0,61.0,95.0,4.50964779815575,4.644622547496256,1.1183185280925514,0.001,0.001,0.885,0.1323680078622526,0.123786377120748,0.1377896489103588,0.5828856314957098
23.0,24.0,19.0,2.817829012672517,3.859333071537722,0.7722302106135558,0.003,0.002,0.772,0.3435468336407163,0.3156675180511832,0.2030613230334248,0.6311678237139763
23.0,24.0,21.0,10.476853013007016,2.507573292571882,0.7700469898247368,0.001,0.02,0.759,0.3435468336407163,0.3789090294979614,0.2945871661486711,0.6947263408085226
23.0,24.0,40.0,3.325478638894348,3.0659261050553925,0.3938584256795858,0.001,0.002,0.602,0.3435468336407163,0.3058722912484352,0.2082387287888926,0.5842793734425917
23.0,24.0,69.0,3.742127144613824,0.6812946467359011,1.000639923359891,0.001,0.246,0.163,0.3435468336407163,0.318727299157606,0.212825992739231,0.5528825650288424
23.0,24.0,73.0,19.592963849183857,5.328240646346568,0.9157991190936224,0.001,0.001,0.83,0.3435468336407163,0.4423969964062216,0.4038950755211986,0.6670206903030759
23.0,56.0,69.0,3.273164883263625,1.8830342081315536,0.2811182672008542,0.001,0.047,0.35,0.0737647796272513,0.0964575827973045,0.1134350736618931,0.5916725446312024
23.0,56.0,7.0,3.081962865573172,2.546615432617737,1.7366560113591174,0.001,0.014,0.056,0.0737647796272513,0.0826003407692553,0.1134628124577058,0.5516619924534659
23.0,74.0,21.0,3.639014326522629,2.74929876471693,3.0244881605231986,0.001,0.015,0.01,0.0303422100165393,0.0784771942524596,0.1031745683240246,0.5759438172720666
23.0,74.0,40.0,3.278935743118464,2.911600333971383,2.293000432256781,0.003,0.013,0.021,0.0303422100165393,0.0685820599572337,0.100777496570607,0.5956677744672967
23.0,74.0,52.0,3.278010288458485,3.194040973827984,1.6951606761118754,0.003,0.01,0.061,0.0303422100165393,0.0847058899148616,0.1015232366970304,0.5935196502997345
23.0,74.0,73.0,3.896204481705989,3.403053871012564,0.0543644529441156,0.001,0.006,0.482,0.0303422100165393,0.0764879986164713,0.1058541445178294,0.6009833091214105
23.0,74.0,80.0,3.2425184699601086,2.158105294965086,1.4034297245519802,0.001,0.026,0.092,0.0303422100165393,0.0664465222285257,0.0993624533095445,0.7154565363239647
23.0,80.0,31.0,3.2027534514182503,1.4007043896665126,1.7376358060161652,0.003,0.093,0.061,0.0673161314112311,0.0802534382279327,0.1077976615638855,0.6189869455807582
23.0,80.0,58.0,3.57140620050072,4.975206960713906,0.7130234453876334,0.002,0.001,0.764,0.0673161314112311,0.0651618247054588,0.1115689275773972,0.6815917589838519
23.0,89.0,100.0,2.9719822301896754,2.653382063444566,2.7756836096358395,0.002,0.012,0.009,0.0359170480145838,0.0880106138557246,0.1140419898102172,0.7035654008811292
23.0,89.0,69.0,3.46587563681004,1.690648832243948,0.6266487268588579,0.001,0.06,0.243,0.0359170480145838,0.0945099084352068,0.1164838771239789,0.6748232732991416
23.0,89.0,74.0,3.837760120944144,4.6547817920127805,0.0523025158712634,0.001,0.001,0.443,0.0359170480145838,0.0834708762700115,0.1198673602882098,0.6524735824381598
24.0,29.0,52.0,3.1110617040225006,1.0653538335945156,1.3371435861799634,0.001,0.133,0.096,0.0317814958329156,0.0714899971099103,0.1023381378714922,0.5826628227474719
24.0,65.0,19.0,2.762107255435342,2.141083213083654,1.9206012127818324,0.003,0.028,0.042,0.0625212946624778,0.0697054947616163,0.1064462797793086,0.610323649884229
24.0,65.0,94.0,3.1795510698623826,1.660810703883142,2.1552201085051585,0.003,0.063,0.032,0.0625212946624778,0.0936350312287373,0.1117425680750748,0.6332737039844997
24.0,71.0,74.0,3.4136593613078703,1.2226384385615776,0.7604435980515365,0.002,0.112,0.189,0.048876804912453,0.0920177870393298,0.1145368286284037,0.694564176856062
24.0,71.0,94.0,3.0000351102295326,1.188942215825974,0.7571197948582988,0.003,0.122,0.205,0.048876804912453,0.0847343346176913,0.1102117497998229,0.6164371271600029
24.0,71.0,97.0,3.426191282933111,2.24825955182132,1.14210389367593,0.001,0.031,0.117,0.048876804912453,0.0768599048185761,0.114194062073909,0.6170789605733403
24.0,89.0,44.0,3.361997403571485,3.11648146349044,2.573224868706795,0.001,0.005,0.017,0.0353785224956419,0.070295157941034,0.1088848442370533,0.6440563602655464
24.0,90.0,25.0,3.0507253227807976,1.826222105034764,1.6512366626984172,0.004,0.057,0.072,0.0282730015008683,0.065355847561825,0.1002800852568684,0.6404709340150038
24.0,90.0,40.0,3.9102449101494834,3.1374123899313417,3.4712754339123757,0.001,0.009,0.005,0.0282730015008683,0.0879938496179837,0.1077641830039665,0.7020187765832051
24.0,92.0,54.0,2.8801533736296605,1.176560039658706,0.0264949783900443,0.002,0.129,0.462,0.0022010157532639,0.0674500332573466,0.0932137082903165,0.6676547433314054
24.0,92.0,55.0,3.0570577712709417,3.598808894802742,3.917652593369678,0.002,0.001,0.001,0.0022010157532639,0.0530137959819107,0.0951704158059607,0.6777437913624912
25.0,44.0,18.0,3.69641158098078,3.999766747660168,4.287884703653741,0.001,0.003,0.002,0.0445547755105684,0.0735262821325886,0.1057230764797157,0.6264712618230271
25.0,44.0,52.0,3.345147746294612,2.304888625638813,1.014190655217043,0.001,0.024,0.146,0.0445547755105684,0.0734166297790318,0.1037846369725315,0.5299436245563662
25.0,44.0,76.0,3.3882442579686387,4.136070709611611,4.381663962334145,0.002,0.002,0.002,0.0445547755105684,0.069921388401926,0.1026015369668062,0.6446960246167648
25.0,44.0,90.0,4.597188624338866,7.677185445073364,0.0091684311461461,0.001,0.001,0.457,0.0445547755105684,0.0637225038258067,0.1156236231785167,0.5464564125446562
25.0,44.0,9.0,3.866678356951503,2.433652200004464,2.4629015552776523,0.001,0.015,0.022,0.0445547755105684,0.0740028597627982,0.1077510372546761,0.5951538274252772
25.0,45.0,19.0,3.40478885636998,1.0546569413015825,1.371986234736669,0.001,0.134,0.084,0.0209603918284102,0.0774455423573068,0.1030593594475366,0.6035202478169649
25.0,45.0,52.0,3.6836106128945407,2.895525081672488,1.7015702714657652,0.001,0.01,0.066,0.0209603918284102,0.082670636315961,0.1048412650357911,0.633458664834862
25.0,45.0,69.0,3.1979236608973,3.83417438165342,2.557602784110919,0.001,0.003,0.012,0.0209603918284102,0.0690244962863446,0.0998777042480803,0.5699652843396322
25.0,45.0,90.0,3.655349493187915,3.978614779552865,4.21999325804868,0.001,0.001,0.001,0.0209603918284102,0.0552184977269483,0.1035185581595594,0.6192490683407751
25.0,57.0,52.0,4.627914777123996,1.3804715509759342,1.7414731391163607,0.001,0.081,0.051,0.0326063245684631,0.0938542245321268,0.1091984178238444,0.6684273657463816
25.0,57.0,71.0,3.959889374972533,1.6841325502455489,0.8092613709878207,0.001,0.058,0.19,0.0326063245684631,0.0658390945136677,0.1046070596740547,0.6149474592772713
25.0,57.0,90.0,4.673074537579273,5.655805440956566,2.4927862139245214,0.001,0.001,0.017,0.0326063245684631,0.0680937417201251,0.1110311601687171,0.5057089622070233
25.0,57.0,96.0,3.913921081611809,1.7465468245533171,2.060940442871042,0.001,0.051,0.033,0.0326063245684631,0.0806516373160856,0.1034780085361068,0.6684360198270831
25.0,63.0,3.0,2.7972226152311626,1.941087706539468,0.3669738806158098,0.004,0.044,0.331,0.0227689451079733,0.0840254435155669,0.0987533864964264,0.6178994101359964
25.0,63.0,52.0,3.2186486394685603,2.5392957178629376,1.2883152924797268,0.001,0.021,0.096,0.0227689451079733,0.0730133748142571,0.10290477508091,0.6365161669615754
25.0,63.0,66.0,2.7670656092819166,3.890212811033399,0.8374574400047523,0.003,0.004,0.172,0.0227689451079733,0.0640314066464533,0.0981793187056907,0.5766919182156971
26.0,77.0,30.0,3.369416684973943,2.676246360002555,0.8029391549559234,0.001,0.011,0.785,0.1587088254439423,0.1851035249872123,0.1539913914487219,0.5447280656238522
26.0,77.0,37.0,3.1171291305955715,0.9861024422840378,1.107615469085174,0.001,0.164,0.137,0.1587088254439423,0.1786232167834996,0.1522725949188419,0.5904001553447343
26.0,77.0,39.0,4.075493500650951,2.578168233395384,0.411961809833698,0.001,0.018,0.306,0.1587088254439423,0.1534047691526056,0.1611825627539135,0.5921058106372586
26.0,77.0,42.0,3.2358593421335984,1.7117638119590732,0.0524143290258649,0.001,0.054,0.437,0.1587088254439423,0.1698989030553112,0.1543851993972258,0.664092599410609
26.0,77.0,99.0,3.1914377428904026,2.8729407586468803,0.6169115748740495,0.004,0.011,0.237,0.1587088254439423,0.1484916912666192,0.1525210819589215,0.5786991535080667
27.0,59.0,35.0,3.54077954576359,2.041281551709456,1.4779461048350906,0.001,0.034,0.073,0.07060387504914,0.1024806391702864,0.1281590382849464,0.628428513521062
27.0,59.0,52.0,5.05463198422101,4.781602616075759,2.1537964534342,0.001,0.002,0.036,0.07060387504914,0.1124268197651431,0.1400007135662992,0.5458043010853265
27.0,59.0,54.0,5.360587132909444,5.418150758059213,1.3665187845306128,0.001,0.001,0.09,0.07060387504914,0.1188944623993553,0.1430156481905283,0.6581967439559333
27.0,59.0,71.0,3.862396373606796,2.4289816768433323,0.9614482166000496,0.001,0.018,0.161,0.07060387504914,0.1098830135796914,0.1308092840129139,0.6376002457622763
27.0,59.0,81.0,6.157106965517329,3.236325360503434,0.382658621763255,0.001,0.009,0.303,0.07060387504914,0.1088680625045687,0.1507778486845649,0.6685595803355157
27.0,78.0,28.0,3.224622125489189,2.1237305477797785,1.128039835852532,0.002,0.035,0.123,0.0913982800179056,0.1195187635980661,0.1278716208409287,0.6392920613634643
27.0,78.0,39.0,3.68866939807557,1.9225790651732064,1.384154480133934,0.001,0.044,0.09,0.0913982800179056,0.1024045806893209,0.1325315186682794,0.6559796071344718
27.0,78.0,40.0,3.355087301809484,2.7214707459454743,3.3650935790452783,0.001,0.008,0.004,0.0914027845224101,0.1351749123061056,0.1288870057271839,0.5894280862049907
27.0,78.0,50.0,2.98988982798202,4.816126188824199,2.223515488718941,0.003,0.001,0.03,0.0913982800179056,0.1052708754992253,0.1256613628455737,0.6405701492230372
27.0,78.0,52.0,3.17004582135229,2.0591010419129754,0.98402271500278,0.001,0.037,0.15,0.0914027845224101,0.1318876695613346,0.1286595886392108,0.5277698271968461
28.0,60.0,33.0,4.031744850055443,2.2928145963740443,1.600482181970958,0.001,0.032,0.067,0.0839708228814757,0.1033457094012824,0.1212829751352577,0.6036969037731607
28.0,60.0,37.0,4.923424772933329,4.46485388803225,0.287328872070086,0.001,0.001,0.341,0.0839708228814757,0.1024817572697769,0.1297921461130488,0.5691110499931837
28.0,60.0,46.0,4.820789360595778,5.022681376776411,1.3281682476308037,0.001,0.001,0.924,0.0839708228814757,0.0909654468354959,0.1273235603612073,0.6428710239283241
28.0,60.0,57.0,5.392794368214201,3.7196778310412495,1.344615418556358,0.001,0.004,0.097,0.0839708228814757,0.1059443474574084,0.1318608913370505,0.5278667868867328
28.0,60.0,63.0,4.129332741510272,3.008910800678077,1.9802826378977691,0.001,0.008,0.047,0.0839708228814757,0.094356962625846,0.1232884920817205,0.7070533734501266
28.0,64.0,60.0,3.414558681380014,0.678821503373961,0.3606195930112487,0.001,0.235,0.612,0.5267741054322341,0.4873954352380182,0.2321731150296852,0.6200037413189675
28.0,64.0,65.0,9.77211142627583,3.194987762519454,0.0257351291010204,0.001,0.003,0.454,0.5267741054322341,0.5365592448865555,0.3189316538102709,0.6787579749021712
28.0,64.0,67.0,3.7085732179598,0.8608726933727929,0.3169904083357726,0.001,0.192,0.588,0.5267741054322341,0.5225211670790939,0.2393437441777423,0.6894397187179863
28.0,64.0,69.0,6.262638370886594,1.4816194113531764,0.0989115743399882,0.001,0.074,0.504,0.5267741054322341,0.5156080749718202,0.2666047363864832,0.6851635066245643
28.0,64.0,83.0,19.92875178419493,4.039468216052236,0.7027802020911029,0.001,0.001,0.746,0.5267741054322341,0.6255631238525341,0.4460939761177194,0.6879083617306387
29.0,42.0,54.0,3.0761842524928973,0.2319417448179267,0.6446022869383337,0.001,0.356,0.245,0.0223461768295489,0.0832284004240118,0.1039122984718582,0.682145313690564
29.0,54.0,12.0,6.650263737658609,9.035032814595477,1.8729400490139665,0.001,0.001,0.051,0.0712512311683868,0.0995026345379142,0.1461582916049133,0.6226718895941394
29.0,54.0,28.0,4.270262064557605,4.325022313708644,2.1944592059760626,0.001,0.001,0.037,0.0712512311683868,0.1080475362100428,0.123845250943366,0.5059933309645481
29.0,54.0,38.0,3.560398574769341,1.505083770346171,1.6567300611687987,0.001,0.075,0.062,0.0712512311683868,0.0989243885024138,0.1182789113215784,0.6363015285738407
29.0,54.0,82.0,3.846920199079085,2.5478356199891445,0.0495921802767154,0.001,0.017,0.458,0.0712512311683868,0.1005846397876578,0.1222242888009625,0.5518728582554498
29.0,54.0,97.0,4.139715503354517,4.208209163189493,1.351627195871929,0.001,0.001,0.112,0.0712512311683868,0.0980557470353184,0.1245050048102355,0.6776452941045021
29.0,77.0,17.0,2.7752459035086727,1.43803783408283,1.8733417000656984,0.004,0.077,0.047,0.0728425142874886,0.0901235912698946,0.1099035538393208,0.6184815522795143
29.0,77.0,20.0,3.1473119598920274,1.190508796322674,0.7725796227811423,0.002,0.121,0.205,0.0728425142874886,0.0837690663094408,0.1130617173611622,0.5683590010547098
29.0,77.0,34.0,3.1477682937211884,1.6736842860060843,2.05066807797304,0.003,0.055,0.035,0.0728425142874886,0.0832522679818568,0.1124597582086551,0.5271076590970448
29.0,77.0,52.0,3.1091040085180057,2.56768729742102,0.058412827043058,0.001,0.019,0.423,0.0728425142874886,0.0948599956208135,0.1125153016233287,0.6344458748702626
29.0,77.0,90.0,2.977669013798524,1.1325660687347676,1.5917085630657175,0.004,0.122,0.069,0.0728425142874886,0.0745157432648676,0.1117582553210698,0.6860690821277187
29.0,95.0,18.0,4.332406800853022,1.9762463689510608,0.9353029720751695,0.001,0.026,0.169,0.4485257749171314,0.4436207897611934,0.2362147932549916,0.6842289630555188
29.0,95.0,21.0,4.545863553724387,3.015229593493173,2.412175743818534,0.001,0.006,0.022,0.4485257749171314,0.4618695190398009,0.2408635860632296,0.6980577291432786
29.0,95.0,40.0,3.705852399336582,1.5330719919695708,0.2704856830524719,0.001,0.063,0.334,0.4485257749171314,0.4410126095700701,0.2281220451960903,0.6599294494194594
29.0,95.0,57.0,5.21574358226906,2.669312654756851,0.1974333737172571,0.001,0.011,0.378,0.4485257749171314,0.4613938656897417,0.2473012098911476,0.6836586341503484
29.0,95.0,66.0,19.624849333082537,4.660794707779499,1.0335396764488145,0.001,0.001,0.864,0.4485257749171314,0.5675311794688795,0.4335060383740764,0.6830094550879278
30.0,44.0,40.0,4.253733215106529,4.320469542492509,4.636518070140046,0.001,0.002,0.001,0.0541652697078012,0.0921862268621555,0.1190463167665837,0.7104365106704772
30.0,44.0,54.0,3.9751843618606575,3.912610056768589,0.0549831415294821,0.001,0.001,0.473,0.0541652697078012,0.0839960456222045,0.118291786139135,0.5889971853121417
30.0,44.0,58.0,4.6657013137604535,4.6741956404843865,3.0893318720155536,0.001,0.001,0.009,0.0541652697078012,0.1002850334641502,0.122552005010658,0.6447515251125475
30.0,44.0,64.0,3.389800830348473,2.512727695337787,1.1006134466775097,0.003,0.017,0.13,0.0541652697078012,0.0778293603001854,0.1118527062921648,0.6600176830493603
30.0,44.0,84.0,3.572034247988604,1.927615414372652,1.79115354974932,0.001,0.049,0.049,0.0541652697078012,0.0937556677971662,0.1155306343248773,0.6736964419634193
30.0,56.0,45.0,3.242430815626017,1.571848955400022,1.970636921276248,0.003,0.075,0.041,0.0807323010036995,0.0792171204107161,0.1100862084403526,0.6237742717685242
31.0,44.0,1.0,4.457670724676783,2.509229589012639,2.930853070923306,0.001,0.024,0.013,0.0872586749958417,0.1108752250092509,0.1410948572178778,0.7107479440360194
31.0,44.0,38.0,3.127480816888808,1.1803788723993205,0.697375396264772,0.001,0.116,0.211,0.0872586749958417,0.121478920988972,0.1294744842462573,0.6581756467264149
31.0,44.0,9.0,3.967995483435839,3.7646319810607287,1.936168541508075,0.001,0.005,0.036,0.0872586749958417,0.1257289304190177,0.1344448952052447,0.619884450226513
31.0,49.0,41.0,3.020837275879336,4.137447856911214,2.895216492911321,0.002,0.001,0.013,0.0288650909067218,0.0638374780608185,0.0998258391370327,0.529800052440418
32.0,56.0,15.0,2.866271165250437,3.330244950857662,0.705229324798249,0.002,0.004,0.212,0.0589515306906687,0.0761519670585987,0.1084989161427597,0.5062136067926062
32.0,56.0,66.0,3.935770468780468,5.364492098737227,0.911137458301678,0.001,0.001,0.161,0.0589515306906687,0.07451453027772,0.1184735009252964,0.5925803284009082
32.0,56.0,69.0,4.135214941357657,2.6821288097235967,1.7137375542444184,0.001,0.017,0.056,0.0589515306906687,0.0883022302076664,0.1189632655899773,0.5870428331179162
32.0,56.0,81.0,3.7171031757583184,1.7597751963204653,0.8395492068593545,0.001,0.057,0.184,0.0589515306906687,0.0911520013747512,0.1157693938138011,0.553299093375208
32.0,56.0,8.0,4.045060048146229,5.28442225127615,2.7393754296430206,0.001,0.001,0.012,0.0589515306906687,0.0787366085303569,0.116515508938877,0.5627720784866602
32.0,62.0,15.0,3.2791453756064723,1.7628441427237989,1.4011403276363934,0.001,0.058,0.083,0.0282633836792083,0.079086861723991,0.1060326492034902,0.6263953992819021
32.0,62.0,17.0,2.833184345717189,2.604115065098744,2.7139366103579325,0.004,0.013,0.011,0.0282633836792083,0.0664150762143402,0.1029607013855709,0.5926472162448727
32.0,64.0,37.0,3.212657633192775,5.034271787532385,1.510343382640257,0.001,0.001,0.074,0.0079391206455747,0.0585161535156394,0.0965828471691251,0.5923461910907414
32.0,64.0,80.0,3.120527919069861,2.123196356218242,2.105230953426814,0.001,0.032,0.035,0.0079391206455747,0.0666376577999569,0.0946008274068355,0.579584375441545
32.0,76.0,69.0,3.963233384194955,1.739660005679501,1.0340237653081306,0.001,0.057,0.145,0.0425999464826309,0.0778695670322561,0.1120038326666488,0.628213302727497
32.0,76.0,88.0,3.3369968320208288,2.4217514071491992,1.825751111837035,0.001,0.023,0.052,0.0425999464826309,0.0754109996542899,0.107463285506458,0.6030171156142181
33.0,46.0,100.0,12.046080380861872,3.0947379365230665,0.6513111944407584,0.001,0.004,0.242,0.6411582728396548,0.6443522857318493,0.3486368857229567,0.6721770504619939
33.0,46.0,57.0,10.888414886291237,3.5178820781988502,1.2504725684575102,0.001,0.001,0.109,0.6411582728396548,0.6376953954211549,0.3357681927969894,0.6807785372777714
33.0,46.0,6.0,18.36580667913794,4.819759171838585,0.3914557477669264,0.001,0.001,0.298,0.6411582728396548,0.6906782804514222,0.4348255708137532,0.6774788579579641
33.0,46.0,89.0,7.262108764977404,2.173837711640819,1.4287025416602237,0.001,0.027,0.945,0.6411582728396548,0.6295894211174523,0.2902958277636949,0.6773745872895482
33.0,46.0,94.0,4.982290534722419,3.316238257636064,0.4861204733669503,0.001,0.002,0.305,0.6411582728396548,0.6140876499497454,0.2536383684320131,0.68732884568493
33.0,88.0,31.0,4.918212078510512,7.389625444264445,0.2734606794707616,0.001,0.001,0.342,0.1076749677217563,0.0995559038477792,0.1336184209826393,0.6590149751528074
33.0,88.0,40.0,4.561193980921361,3.502503721975088,0.1793476802896518,0.001,0.006,0.368,0.1076749677217563,0.1234561758695336,0.1309436744553076,0.6574240375133211
33.0,88.0,49.0,3.3404879882428125,3.644041295607092,3.170721627349287,0.002,0.002,0.005,0.1076749677217563,0.097723914871763,0.1195197873953144,0.6177457581819756
33.0,88.0,69.0,3.840877422206732,1.8434467635190364,1.7547511630370998,0.001,0.05,0.048,0.1076749677217563,0.10433402690413,0.1243157358590215,0.5740610279401784
33.0,88.0,73.0,5.15982350019057,1.951614510406105,1.6217959600887295,0.001,0.049,0.062,0.1076749677217563,0.1108952303768756,0.134048677660901,0.646381330679679
34.0,92.0,16.0,3.020946585256487,1.8132029654870323,1.760017771883254,0.001,0.048,0.057,0.0262551236368793,0.0819948740030784,0.1016569347071536,0.6160845740335462
34.0,92.0,1.0,3.5213637161644584,1.0328457156838984,1.0192100772635528,0.001,0.136,0.133,0.0262551236368793,0.0802539534169404,0.1048202886709139,0.6494576077609816
34.0,92.0,23.0,3.0530895426362266,3.185396536043881,1.68929759834711,0.002,0.005,0.066,0.0262551236368793,0.0593061498771489,0.099798206595747,0.6400553314580869
35.0,67.0,2.0,3.2425757874914645,3.511187165664316,3.37757579522802,0.002,0.004,0.01,0.0413568165184594,0.0668402423413686,0.0987659792370247,0.6632254838735988
35.0,67.0,44.0,4.826698138628499,5.699885167855652,0.6500028883466948,0.001,0.001,0.226,0.0413568165184594,0.0696077985530198,0.1113490619366144,0.5035931519140331
35.0,67.0,80.0,7.89673625533972,5.848581078598281,0.4592877956401974,0.001,0.001,0.282,0.0413568165184594,0.1447227610606986,0.1361485284820807,0.654298278913699
35.0,67.0,91.0,2.79513720362382,1.634426347441691,1.9825309923611472,0.003,0.062,0.038,0.0413568165184594,0.0672526910065529,0.0942281584827441,0.5928843529333072
35.0,68.0,67.0,3.269882645943473,1.5596466469895856,0.4833152480465688,0.001,0.078,0.664,0.0741759299706998,0.0841693185560728,0.1159037274482082,0.6836149447455285
35.0,72.0,26.0,3.321891954564413,1.9028521363147732,0.7531810146824081,0.001,0.049,0.2,0.0696523392834302,0.1056930666517129,0.117647109355635,0.6381566758780874
35.0,72.0,38.0,3.0231956645259643,1.7331315583897602,0.1719429992052555,0.003,0.06,0.39,0.0696548645359556,0.0964366037725115,0.114791553934253,0.667390927002126
35.0,80.0,13.0,8.073985163263172,2.803140632482944,1.3336826563871236,0.001,0.011,0.929,0.4695731880464766,0.466916853636935,0.2880407046036621,0.6487015208193143
35.0,80.0,46.0,6.047176583324072,1.795429127302012,1.1667464641391252,0.001,0.044,0.13,0.4695731880464766,0.4644952343263688,0.2654671211239806,0.6871816651146393
35.0,80.0,47.0,11.478910644538267,2.442803243139521,0.2646588205773604,0.001,0.026,0.575,0.4695731880464766,0.4883226770058911,0.3353315932242798,0.6843691759252791
35.0,80.0,63.0,5.478872198597373,2.753457290653711,0.4087775296467045,0.001,0.008,0.307,0.4695731880464766,0.4523609686608963,0.2574693529950563,0.6731497525470488
35.0,80.0,67.0,17.489004753938033,4.287048942114364,0.1325334506617806,0.001,0.001,0.498,0.4695731880464766,0.5509846528177981,0.4150368024838752,0.6682093111886963
36.0,38.0,100.0,3.232460316751787,1.471036193523657,2.059435619245847,0.001,0.085,0.039,0.0945420736864495,0.112148620797974,0.1306120665417423,0.7102528630801589
36.0,38.0,30.0,3.408697911099142,3.853805499717677,0.1165222218355412,0.001,0.001,0.401,0.0945420736864495,0.1123603812284028,0.1297719027756628,0.543774281520571
36.0,38.0,52.0,3.1189001069868896,1.5930438395957378,1.054804146712617,0.001,0.079,0.871,0.0945420736864495,0.1307976652700183,0.1289602127473438,0.5572357330849834
36.0,38.0,62.0,3.584902315837705,1.3450224550802286,0.1047011874566179,0.001,0.11,0.412,0.0945420736864495,0.1237297852661782,0.1300332451407482,0.5901211802166809
36.0,38.0,75.0,3.099772246204934,2.162811585769272,2.7184618475912434,0.002,0.029,0.01,0.0945420736864495,0.135862979319574,0.1294369775445518,0.7015634699513195
36.0,67.0,79.0,2.948958463819741,3.691918235148089,2.660082048917616,0.002,0.001,0.02,0.034974760903176,0.0835582873789055,0.1130239060044063,0.6153190086931546
36.0,68.0,44.0,3.810151993735206,5.187622303276585,0.768832058160693,0.001,0.001,0.764,0.0777862007842493,0.1035266015650397,0.1270928119900817,0.6943811222562285
36.0,68.0,54.0,4.000246543128885,2.080961810591345,1.1087059538108357,0.001,0.038,0.142,0.0777862007842493,0.1248177909576931,0.1305072220081148,0.5725535827666723
36.0,68.0,73.0,3.0477755107547853,0.7644046527352147,0.9635045199061364,0.002,0.194,0.154,0.0777862007842493,0.100722540134214,0.1203304311779651,0.6453431068732576
36.0,68.0,8.0,3.925026412986084,3.797396836065438,0.0790336558855001,0.001,0.004,0.493,0.0777862007842493,0.1164272479289121,0.1270884895293289,0.6986338936875804
36.0,68.0,9.0,4.190633972174634,1.536923641930258,1.6119094438608277,0.001,0.078,0.067,0.0777862007842493,0.1149159343502429,0.1310781306648613,0.7060855394918296
36.0,96.0,13.0,4.352706757369413,2.7324746549960937,2.606484891643635,0.001,0.014,0.015,0.0736258300143184,0.1145044171757293,0.1357271633632148,0.6889550868798784
36.0,96.0,23.0,4.332206700912161,2.827135704165876,1.872720049595999,0.001,0.012,0.042,0.0736258300143184,0.1183156777049665,0.1371571377261086,0.6196543003012029
36.0,96.0,44.0,3.493635150290227,2.683666498915377,0.5674523638029535,0.001,0.015,0.253,0.0736258300143184,0.1227027685906786,0.1301199035971702,0.6425737277831703
36.0,96.0,88.0,3.6103940488492063,2.2756664947068503,2.7816090857446363,0.001,0.022,0.011,0.0736258300143184,0.1015643212071756,0.1300527320751014,0.6201104340471729
36.0,96.0,97.0,5.06509038119733,4.910336708975351,0.0057432940208109,0.001,0.001,0.432,0.0736258300143184,0.129156179953703,0.1422476888499327,0.7105244311086779
37.0,91.0,22.0,5.4799267308307975,4.056090377224022,1.661617378585227,0.001,0.003,0.062,0.1379371926710684,0.1465865654523151,0.1586971400560829,0.6700581051640205
37.0,91.0,35.0,2.9085329981826784,2.281871871454475,0.7439699059625959,0.004,0.029,0.777,0.1379371926710684,0.1261653543422365,0.136192641365673,0.6172705802272945
37.0,91.0,52.0,5.343299962637782,3.0007609075895383,2.129294522382448,0.001,0.009,0.031,0.1379371926710684,0.1565123195755124,0.1580200569586431,0.709220986739149
39.0,46.0,26.0,2.791248154586424,1.3438208014560322,1.6682315350389838,0.004,0.094,0.059,0.0272029248386296,0.0831409870179782,0.0993968270266263,0.6809967434379018
39.0,46.0,36.0,2.907237399099569,2.425272201397812,2.8647032470803566,0.004,0.023,0.012,0.0272029248386296,0.0707225794085643,0.0999881771861446,0.612937861531381
39.0,46.0,37.0,3.2980576428360333,2.3745927187599003,1.3853959087811345,0.001,0.023,0.098,0.0272029248386296,0.0803286229521003,0.1035883170899592,0.5700949248119278
39.0,46.0,52.0,2.943756500032922,3.0883298171435487,0.0012661813644869,0.004,0.007,0.441,0.0272029248386296,0.0800094482959968,0.1017836641512994,0.6368625754051735
39.0,46.0,59.0,3.108480363087074,1.7895422011513271,0.6971345526443261,0.002,0.053,0.231,0.0272029248386296,0.0799989113248703,0.1021611462087864,0.5321492451870341
39.0,84.0,14.0,3.319482869406256,3.616970645306622,2.6857330464524294,0.002,0.004,0.013,0.0372367351295297,0.0824922718492102,0.1051612329369568,0.509398826656666
39.0,84.0,79.0,3.296243912620513,0.9727232059443848,1.2602015930760382,0.001,0.164,0.116,0.0372367351295297,0.0693099882797268,0.1053844552297642,0.6219684619623425
39.0,87.0,77.0,2.7155931174553216,2.148036088364982,2.02898501250946,0.001,0.036,0.034,0.0242037451170489,0.0632251255166981,0.0983996544005655,0.7012370290266094
39.0,93.0,19.0,2.927491893359968,3.5622686466988998,1.2790475651526698,0.002,0.005,0.936,0.0435960191584987,0.0783476704577451,0.1036846465296269,0.6946997765444245
39.0,93.0,28.0,3.612631628636328,3.765279258580677,0.0664815945791148,0.001,0.001,0.419,0.0435960191584987,0.0804405167400317,0.1105038293720959,0.5543813924378718
39.0,98.0,22.0,3.4462786400141243,2.85579083898061,3.923372754939941,0.001,0.011,0.001,0.2438524935043142,0.2742730621774214,0.1991468254949367,0.5827644489393513
39.0,98.0,27.0,3.08412413478373,3.805975898746213,3.3443795901733395,0.001,0.002,0.005,0.2438524935043142,0.2563973446114345,0.1933238376655632,0.5906748976189001
39.0,98.0,37.0,3.052945041296187,3.889681838475002,0.9202766897486034,0.001,0.001,0.169,0.2438524935043142,0.2617182884352502,0.1929824594783876,0.6615226302768338
39.0,98.0,55.0,19.753673087351974,4.8976680509658665,1.1594094576117997,0.001,0.001,0.894,0.2438524935043142,0.3812796583170712,0.3785794974865983,0.6886170361770788
39.0,98.0,59.0,10.862400932741004,4.185805093168657,1.1174513118599956,0.001,0.001,0.893,0.2438524935043142,0.3209823803933178,0.2777382983086417,0.6960906746326436
41.0,45.0,34.0,2.976381306373496,1.577985665762814,1.9305082163973344,0.002,0.067,0.043,0.0640402705073555,0.0877091156794192,0.1160848898338652,0.6830023498408829
41.0,57.0,21.0,3.157351764146046,1.8832474854771784,0.930544087096729,0.001,0.045,0.165,0.0329168906358665,0.0717692479137397,0.103059849849365,0.6345655775003938
41.0,57.0,26.0,2.7544346009903684,2.829775261133073,0.951907543913169,0.003,0.012,0.151,0.0329168906358665,0.082444005676361,0.0993387836518766,0.5102409463467683
41.0,57.0,54.0,3.223921374952194,0.5528672013155351,0.310582927605195,0.001,0.265,0.582,0.0329168906358665,0.0965690114978643,0.1023431881745285,0.6072758374650856
41.0,57.0,82.0,5.0309849009988215,4.045079581640671,2.7939867813490538,0.001,0.002,0.014,0.0329168906358665,0.0785876530544669,0.1199366947877619,0.6144377346883501
41.0,86.0,12.0,4.110810827861767,2.0298337365787167,2.0171198700324693,0.001,0.042,0.042,0.0596524225903909,0.0865660235529073,0.1198665819714832,0.656966305425512
41.0,86.0,52.0,4.440976620450314,6.741086000299163,3.656810339363009,0.001,0.001,0.001,0.0596524225903909,0.1003050355206444,0.1222690596210665,0.5459068106491909
41.0,86.0,54.0,4.061113941109976,0.9197479747887936,1.353240673454831,0.001,0.174,0.101,0.0596524225903909,0.1096846949959859,0.1205003129720701,0.5696448050967658
41.0,86.0,55.0,3.4503512059533006,1.8251135110761427,0.2089887393280293,0.001,0.055,0.355,0.0596524225903909,0.0910941219663827,0.1143985331599472,0.5423241819386688
41.0,86.0,95.0,3.2697064420468496,4.436650948923254,0.419314252129696,0.002,0.002,0.3,0.0596524225903909,0.0690833742497004,0.1121364599897878,0.5304247232119276
42.0,57.0,36.0,3.106898320040889,0.7242422439534124,1.1331637442240343,0.001,0.206,0.128,0.0725253872045108,0.0934173997882018,0.1083699707512417,0.6966767052180606
42.0,57.0,51.0,3.1396761760874745,1.5944994318668426,2.0112083299479533,0.001,0.062,0.031,0.0725253872045108,0.0739770388542128,0.1098044707431222,0.6323170640107447
42.0,57.0,64.0,2.818493301474097,1.5035380217285494,2.0046858702934167,0.004,0.08,0.042,0.0725253872045108,0.0693775496443597,0.1058753960033545,0.6590307465722823
42.0,57.0,98.0,2.7776071913971365,3.032608725452077,3.5398343889713058,0.002,0.014,0.007,0.0725253872045108,0.0688635893815164,0.1056194026115091,0.5319412778406762
42.0,90.0,40.0,3.206303435531125,2.6690759922356397,0.1331568047423259,0.001,0.012,0.387,0.025354038585343,0.0707587011193003,0.1041189124936644,0.6099123108787415
42.0,90.0,6.0,2.9199517057456035,1.9272723014090227,1.347528192724825,0.004,0.045,0.097,0.025354038585343,0.0793363766399183,0.1011859430469864,0.5662019929718355
42.0,90.0,84.0,3.2967547933540517,3.218397182449821,2.237754458070358,0.001,0.01,0.024,0.025354038585343,0.0675982914152019,0.1059973870339076,0.5954007147516248
42.0,90.0,87.0,2.9874035175864413,3.061432107785079,1.3801341890122851,0.001,0.007,0.091,0.025354038585343,0.0669754537042418,0.1033995406749765,0.5910732873325484
42.0,90.0,9.0,3.2851710725726657,0.8986841392466808,1.2541373638235211,0.001,0.173,0.115,0.025354038585343,0.0788563964594497,0.1032730471436533,0.607713201692819
42.0,93.0,14.0,3.3620179441065488,1.0889336794624775,0.7750043783242988,0.001,0.144,0.206,0.0613762145164855,0.0794257812064504,0.1107385856494833,0.5821971714879439
42.0,93.0,82.0,3.656335526904884,1.576225564465075,0.211056763600549,0.001,0.075,0.529,0.0613762145164855,0.0918132411799673,0.1127892633341719,0.5561155468877264
43.0,48.0,52.0,3.01876107061411,2.241315329078255,0.9405330203922924,0.001,0.03,0.167,0.0286495780879079,0.094547622409911,0.1024917170215864,0.6630871955905956
43.0,48.0,73.0,3.328975809469399,1.027668737250345,1.4217955419827664,0.001,0.148,0.08,0.0286495780879079,0.0754084868328392,0.1046890983677546,0.6369815820816449
43.0,48.0,82.0,3.133913438712126,2.05803849948257,2.460846568823141,0.002,0.039,0.023,0.0286495780879079,0.0866137624884085,0.1048090221303087,0.6132391735391483
43.0,48.0,96.0,3.549031483858039,3.039357717628078,0.4079084905832693,0.001,0.006,0.615,0.0286495780879079,0.0682975853325447,0.1061500368186136,0.5450019833501734
43.0,61.0,1.0,3.5665802409809486,2.5425682608972884,2.4588032497095025,0.001,0.017,0.019,0.0760772299863292,0.0931626986202872,0.1283741816041766,0.6790319309809252
43.0,61.0,4.0,2.990486859847166,2.18519792151637,1.9993520682181511,0.001,0.034,0.04,0.0760772299863292,0.1143767461300548,0.122356421210203,0.6453330558326625
43.0,92.0,100.0,3.922518610804672,2.44106446445046,1.5523504461190674,0.001,0.017,0.955,0.3945228288915583,0.3898872961781419,0.2298262748500807,0.6610640388029703
43.0,92.0,28.0,19.272668349859305,3.5856535748415914,1.992209434667808,0.001,0.001,0.993,0.3945228288915583,0.5308378196641915,0.4205559322494476,0.6807318964177556
43.0,92.0,60.0,5.2514534200511065,1.6937027883695703,0.1394560831573484,0.001,0.048,0.519,0.3945228288915583,0.3928218149524723,0.2465622651402954,0.6871775726769643
43.0,92.0,64.0,14.035114441593452,4.049418595850776,0.2209639839881263,0.001,0.001,0.553,0.3945228288915583,0.4469744998483278,0.3537428422613659,0.6828052383837937
43.0,92.0,71.0,4.169687617754318,2.802306052265806,0.8300029200456349,0.001,0.008,0.798,0.3945228288915583,0.3999728373059615,0.2301084515711086,0.6848447018874776
43.0,95.0,40.0,4.148987359197367,3.717490919126357,0.3651469505556887,0.001,0.005,0.316,0.0278691480599979,0.073396650160014,0.1080014780807547,0.5977270595543273
43.0,95.0,77.0,3.699694545947784,5.628509763369692,3.3392667325897327,0.001,0.001,0.005,0.0278691480599979,0.0649794950895799,0.1044054122523742,0.6151281545904076
43.0,98.0,26.0,3.1256259732834013,3.521868211669909,0.1010474000573068,0.001,0.005,0.407,0.0283476674640903,0.0663075281579256,0.0975657213827031,0.5784146380963447
43.0,98.0,68.0,3.071256006281437,2.0595972717007998,2.3583881624430894,0.001,0.038,0.019,0.0283476674640903,0.0671401031379594,0.0959969308081087,0.6459800858566536
45.0,65.0,16.0,2.999691324701157,2.491789987999892,2.8546539110432283,0.001,0.022,0.014,0.0287805176666289,0.0670004980123175,0.0977252582456074,0.6428381386556247
45.0,65.0,17.0,4.310562708209739,2.4604048029729766,2.7660077908588403,0.001,0.021,0.011,0.0287805176666289,0.0769287986918436,0.107307967946969,0.6241841431250061
45.0,65.0,96.0,3.687309736543877,2.181201904959142,1.788323293986229,0.001,0.034,0.053,0.0287805176666289,0.0663792689991114,0.1042285124278088,0.5565947276517099
45.0,74.0,17.0,2.9255606922684394,1.473611365494245,1.6915450180249725,0.001,0.079,0.062,0.0455513471387414,0.0957587803315309,0.1156854146804153,0.6999820950001251
45.0,74.0,46.0,4.1024961800271385,5.4376986841936334,3.075903182714062,0.001,0.001,0.002,0.0455513471387414,0.0983966745666337,0.1260211532082242,0.6219802035900293
46.0,62.0,28.0,3.989894537997037,1.711492005701848,0.9650874523861496,0.001,0.055,0.169,0.0466930848968569,0.0921561061312307,0.1219851333514534,0.6098352270256253
46.0,62.0,60.0,3.04192547409558,2.896607432729003,0.7815763262937336,0.001,0.01,0.197,0.0466930848968569,0.0956167201836356,0.1144262178539823,0.6640598422740671
46.0,62.0,84.0,5.269529026720413,6.977607423771338,0.3164771544171179,0.001,0.001,0.337,0.0466930848968569,0.1000929503580827,0.1341875166716861,0.617062417302855
46.0,62.0,87.0,3.1100972694844105,1.5468773820149524,0.6770181221966642,0.001,0.081,0.222,0.0466930848968569,0.0981303670584686,0.114423352237499,0.6082874774006117
46.0,62.0,9.0,2.8390096357071792,2.075762023144048,2.5004969267760107,0.004,0.041,0.021,0.0466930848968569,0.0935569943089018,0.1130057329831948,0.6492283991441091
46.0,70.0,26.0,4.90439052108011,1.5471644966511413,0.7567635103656257,0.001,0.068,0.766,0.5729758607264719,0.568555813844176,0.2615743584019275,0.6903206322451201
46.0,70.0,39.0,5.140441571297208,2.4101259629670286,0.1268481965019659,0.001,0.012,0.517,0.5729758607264719,0.5642081518293072,0.2637066464324117,0.67344161293951
46.0,70.0,77.0,4.884640228477764,1.981763442442308,0.3978245895429392,0.001,0.032,0.31,0.5729758607264719,0.55920364004548,0.2605420603045852,0.6860002648665138
46.0,70.0,93.0,17.462011691392163,4.42129965639953,0.8697902748042163,0.001,0.001,0.798,0.5729758607264719,0.6505823992270967,0.4265682492194169,0.6780584505398876
46.0,70.0,99.0,12.550290265611189,4.569881317752731,1.489585671833502,0.001,0.001,0.085,0.5729758607264719,0.592791852781686,0.3633384530687493,0.6859440508962293
47.0,48.0,100.0,3.764961710715274,4.04500470472671,3.348385844246448,0.001,0.001,0.005,0.0763961930099919,0.0958634636994719,0.1211628368031996,0.6789043320997568
47.0,48.0,24.0,3.3930235541103557,5.876780495693864,4.4750257913002764,0.001,0.001,0.002,0.0763961930099919,0.0991503639748803,0.1192338193477761,0.5413500674515503
47.0,48.0,30.0,3.252203738409625,2.424963652805946,0.1731287426692206,0.001,0.018,0.371,0.0763961930099919,0.0950139956944026,0.1171462359006497,0.6650909228158713
47.0,48.0,95.0,3.1815479171268337,1.6538828739969986,2.1815420843363653,0.002,0.072,0.034,0.0763961930099919,0.086055222769517,0.1161577798222273,0.5868125291562117
47.0,53.0,20.0,5.068925149125799,3.6213569018958567,1.6334324514300644,0.001,0.003,0.065,0.070113232618187,0.0886819504834073,0.1245340300223712,0.6175629498948078
47.0,53.0,2.0,3.479828474113429,1.8053058417272536,2.148072224673503,0.002,0.052,0.033,0.070113232618187,0.0784120561866445,0.1096189457204327,0.6959509454429958
47.0,53.0,52.0,6.552187122463538,5.179789711241949,2.6299358494399763,0.001,0.001,0.016,0.070113232618187,0.1005525931908992,0.1381379718860478,0.6224031633963828
47.0,53.0,54.0,3.764605382970328,1.2275931324295206,0.7018250900089089,0.001,0.111,0.198,0.070113232618187,0.0899230294360538,0.1117228234586279,0.6256384637372685
47.0,53.0,94.0,3.463143634389488,2.109497744642969,0.1393749383131927,0.001,0.033,0.4,0.070113232618187,0.0787316322403715,0.1086378214338917,0.6938273158930973
47.0,67.0,11.0,17.353190545403944,4.434851622774793,1.191243662440672,0.001,0.001,0.901,0.408856430569668,0.4841002398309264,0.3872196683576835,0.6881515804719929
47.0,67.0,27.0,3.7728107057024056,1.685628334281125,0.0176026695775938,0.001,0.061,0.464,0.408856430569668,0.3923319828081658,0.2263154963456638,0.6652454685530866
47.0,67.0,29.0,3.914483457534634,0.9992559985942686,1.853973073746897,0.001,0.148,0.042,0.408856430569668,0.3899199736183377,0.2253178550087354,0.6747444732224958
47.0,67.0,55.0,3.439997960431752,1.8054769370923447,0.710457763953421,0.001,0.042,0.757,0.408856430569668,0.3693384860728567,0.218002984330867,0.6901621243379338
47.0,67.0,76.0,3.272961066180594,0.8043990725208477,0.1348467015639028,0.001,0.193,0.507,0.408856430569668,0.3360707683733179,0.2188266561767749,0.6817161725239086
48.0,62.0,28.0,3.766094775831852,2.3553709643013763,0.585667993123478,0.001,0.027,0.254,0.0353436198235366,0.0921997512903007,0.119669611715781,0.7021276171070554
48.0,62.0,40.0,3.205485694773593,1.5619730350016214,2.0175309004030377,0.001,0.073,0.032,0.0353436198235366,0.0885749525235845,0.1145406762981922,0.6707534746898476
48.0,62.0,52.0,4.874232042091334,4.205736324057662,0.6139145190443752,0.001,0.002,0.249,0.0353436198235366,0.100167271220167,0.1284680573027481,0.6699846400179661
48.0,62.0,80.0,3.372929284634559,0.9971227046727988,1.467242760274434,0.002,0.142,0.08,0.0353436198235366,0.084601494915731,0.1157354683473212,0.683616285003411
48.0,62.0,84.0,3.0309942512203536,0.762778380752508,1.192733103556385,0.001,0.196,0.115,0.0353436198235366,0.0900326970709602,0.1135004864574788,0.6067190778387366
48.0,66.0,36.0,3.0395331984299228,0.9637371483814596,0.465968795332245,0.001,0.162,0.301,0.0406921077600568,0.0816714182422229,0.1031876125349042,0.6497963104469289
48.0,66.0,52.0,3.244115555336856,2.4932736155882558,0.9300994750448728,0.003,0.018,0.164,0.0406921077600568,0.0916386662447498,0.1050639634899528,0.6159830749983497
48.0,66.0,60.0,3.294332447220884,3.223066961031034,2.896382649358669,0.001,0.003,0.01,0.0406921077600568,0.0780404722289771,0.1042835441470311,0.6746003639653096
48.0,66.0,65.0,4.603769085637925,6.893985719425796,0.0576650917864347,0.001,0.001,0.481,0.0406921077600568,0.0708475178446245,0.1166034877976257,0.5567576939916487
48.0,88.0,29.0,3.4914914224892803,2.249900091689331,0.3934887580871181,0.001,0.031,0.296,0.021424600657153,0.0850665728482526,0.1035906722301222,0.6085368878334889
48.0,88.0,34.0,5.9496386619344985,7.4277811957349265,7.78809089387796,0.001,0.001,0.001,0.021424600657153,0.0870624327092524,0.1258090441484757,0.5900620736684424
48.0,88.0,40.0,5.171649707827364,3.981563193279869,2.643675523530084,0.001,0.001,0.016,0.021424600657153,0.0889251456293874,0.1200919193608448,0.5801528577087721
48.0,88.0,51.0,3.271904478313981,3.3777524785269937,0.1706493316793535,0.001,0.006,0.354,0.021424600657153,0.0816710530972762,0.1034094992349596,0.6009756621694538
48.0,88.0,79.0,3.1514463112596998,4.983665289408459,0.8661223094245074,0.001,0.001,0.167,0.021424600657153,0.0751096549970308,0.1021461541628058,0.6015145888293998
49.0,72.0,42.0,3.154755812411149,3.185966248371543,1.5087620659390664,0.001,0.005,0.085,0.0210279975856924,0.0613589955980852,0.0997673237923078,0.5972978073062171
49.0,72.0,70.0,3.137651908565392,2.447326421440264,0.2010886476665193,0.001,0.025,0.524,0.0210279975856924,0.0715608954862077,0.1004606746997737,0.6585470069930156
49.0,72.0,84.0,3.093134216460263,4.6878952794650735,3.18879720214719,0.001,0.001,0.009,0.0210279975856924,0.0587251383019359,0.0999613114036564,0.5805476563452083
49.0,72.0,85.0,3.237927596768788,3.7707492946907872,1.0770293516272544,0.003,0.003,0.124,0.0210279975856924,0.0714887089136331,0.0989965536007292,0.6335653233786998
49.0,72.0,98.0,3.134892292351958,0.8878384071072977,1.245790970773082,0.002,0.171,0.107,0.0210279975856924,0.0796436945054799,0.1005565615756007,0.6468705432686832
49.0,100.0,15.0,3.6017365815250817,4.318189233227931,4.621686379006368,0.001,0.001,0.001,0.0258621586458058,0.0689708919757531,0.1045648247492594,0.6577896329022866
49.0,100.0,52.0,3.6342759900333848,1.6790167105696463,0.807682426112984,0.001,0.064,0.199,0.0258621586458058,0.0806840975027456,0.1057437436447748,0.5871898487511201
50.0,61.0,52.0,3.596191404317608,1.329744350786199,0.7127138736290833,0.001,0.101,0.227,0.0916758451326087,0.1175417754453379,0.1299655806796766,0.6206091966520972
50.0,61.0,75.0,3.075811303295501,3.159545535910369,0.5494471906074764,0.001,0.006,0.256,0.0916758451326087,0.1099815883554473,0.125188105424147,0.6924126160126671
50.0,77.0,21.0,4.638289386154262,5.879406272861065,4.877619801218362,0.001,0.001,0.001,0.0225313548089074,0.0764788788486145,0.1165676289045169,0.50543762185349
50.0,77.0,39.0,2.9435294948247623,4.5959372161563,0.0310500675053998,0.004,0.001,0.463,0.0225313548089074,0.059288428679678,0.1008674541881421,0.5620268020746749
50.0,77.0,44.0,3.3240811448917262,1.618081595963575,1.0676763141048653,0.001,0.06,0.126,0.0225313548089074,0.0787454211019965,0.106415533909309,0.5896271513100426
50.0,77.0,79.0,2.9642390438325106,3.23332443675176,2.914670343301121,0.002,0.005,0.011,0.0225313548089074,0.0767191244910504,0.1029512873527612,0.6738138481112913
50.0,77.0,98.0,2.8994411005381218,6.041263228055723,3.4259514865106797,0.001,0.001,0.002,0.0225313548089074,0.0599678390811465,0.1026093898355912,0.5288983996573274
50.0,91.0,26.0,3.330803801606796,1.987167563320686,0.8729832492139323,0.001,0.04,0.175,0.094785911758648,0.113176253518577,0.1277487156145396,0.6635737353451049
50.0,91.0,77.0,3.339205131823752,0.7366985459229864,0.2050446104439302,0.001,0.204,0.373,0.094785911758648,0.1119223535606104,0.1284391111317344,0.6956217497798176
50.0,91.0,81.0,2.605457347254952,2.2613405895953487,2.842401851849857,0.004,0.024,0.012,0.094785911758648,0.1052904281764891,0.1226121297138071,0.5301287462225294
53.0,59.0,19.0,3.4348392631568845,1.766550420228817,2.129664531704634,0.002,0.052,0.034,0.044061203356847,0.0664740806529145,0.1029676124601086,0.5570249219643264
53.0,59.0,65.0,2.9173641722842305,1.5811441864211242,1.1763066318648991,0.003,0.075,0.115,0.044061203356847,0.064752519462663,0.0978477830802997,0.6553464806991797
53.0,59.0,90.0,3.1621808746991142,5.467317425233283,3.0106010206648115,0.002,0.001,0.007,0.044061203356847,0.0681710351664147,0.0997546911834989,0.6567651181194955
55.0,58.0,52.0,3.733687884300618,3.719809184174424,1.2452839505796789,0.001,0.003,0.121,0.0635441561264889,0.0998820107609416,0.1135371581421035,0.5455096145926702
55.0,58.0,54.0,6.097422229517928,5.527591605377412,3.3275681798220225,0.001,0.001,0.004,0.0635441561264889,0.0930588667855482,0.131951227980198,0.5062799518282809
55.0,58.0,5.0,3.1869951777400694,4.547318993652343,0.0166325701450926,0.002,0.001,0.441,0.0635441561264889,0.0878964247501931,0.1097373554036127,0.6159369066293384
55.0,58.0,79.0,3.738696716817329,3.5033845483174546,0.2270445650864992,0.001,0.003,0.53,0.0635441561264889,0.0840193674016545,0.1135032408036302,0.5452895361645548
55.0,59.0,100.0,3.2833540554903453,0.907391773059486,0.3586336085942496,0.001,0.181,0.611,0.5255954610542544,0.4977761816483464,0.2314651172872262,0.6743169937467539
55.0,59.0,34.0,3.030105288909079,0.7194168659631123,0.043075176634935,0.003,0.21,0.429,0.5255954610542544,0.5078167325765852,0.2291077293699932,0.639882314805132
55.0,59.0,49.0,20.8283062287526,4.931069218772371,1.2236921450492655,0.001,0.001,0.9,0.5255954610542544,0.6346624962568662,0.4686624083543848,0.6744756965240756
55.0,59.0,57.0,4.766180038815908,2.59431143420567,1.766263296200579,0.001,0.012,0.058,0.5255954610542544,0.4944403657822193,0.250179327754059,0.6579527121444249
55.0,59.0,89.0,4.0743189217905655,1.1325859603068746,1.3261241970337765,0.001,0.146,0.917,0.5255954610542544,0.4865076558348836,0.240959813351447,0.6969894947257492
55.0,83.0,11.0,3.1153885694316714,1.991629301463857,2.153525278463071,0.001,0.039,0.031,0.0571471285707048,0.0738763483640245,0.1061058339987472,0.5672052799360771
55.0,83.0,48.0,3.156118600228757,3.5202837953742145,1.8100362325406372,0.002,0.006,0.058,0.0571471285707048,0.0755453778945927,0.1044646171662609,0.5795707065371578
55.0,83.0,5.0,2.9173601843415926,1.3291246884390424,1.2677004012916102,0.003,0.106,0.114,0.0571471285707048,0.0702960382042164,0.1044289507412454,0.6401551565472166
55.0,83.0,68.0,3.601131558230946,2.706211691127601,0.8503857039225298,0.001,0.015,0.188,0.0571471285707048,0.0851389027830664,0.1085928197826585,0.6393662138903767
55.0,83.0,82.0,4.844325494131622,3.752518279848481,3.927216278599198,0.001,0.002,0.002,0.0571471285707048,0.0741206509576117,0.1182355727109143,0.5667288076523793
57.0,58.0,44.0,4.272575844566268,4.248330045101815,1.8699628191903197,0.001,0.001,0.054,0.0491431230494283,0.071693239564437,0.1102823699016209,0.6388909763382943
57.0,58.0,47.0,3.035946249078649,0.7309906799745329,0.6115717294538445,0.002,0.209,0.247,0.0491431230494283,0.0759784636104773,0.1002549110692732,0.6187367741825199
57.0,58.0,52.0,3.439937191073591,3.608725276699263,2.2658226948437084,0.001,0.003,0.029,0.0491431230494283,0.0917051426685684,0.1038129170221676,0.565155877980073
57.0,58.0,60.0,3.003417160136391,1.810467572422632,2.0892485247398405,0.002,0.046,0.035,0.0491431230494283,0.0768484677767551,0.0996708368171476,0.6172861083942576
57.0,75.0,20.0,3.064002865139811,2.277587611938852,2.696461552463332,0.004,0.027,0.014,0.0816165416371337,0.0967178494730631,0.1142555198472224,0.6888681255748955
57.0,75.0,61.0,2.936157692152537,2.2018265310040945,2.608843102394783,0.003,0.029,0.018,0.0816165416371337,0.0967276161844637,0.1128715083644179,0.6934916237647825
57.0,75.0,73.0,3.4991932309981864,1.0716874191265342,0.9404577960426244,0.001,0.14,0.167,0.0816165416371337,0.1018411238920638,0.1177689080161276,0.6336368774132445
57.0,89.0,28.0,3.095890927299299,3.8734466446074713,0.8801565072176554,0.001,0.001,0.19,0.3096505726094412,0.322808354290801,0.1981530682700634,0.6432868589057266
57.0,89.0,3.0,4.274334921398952,1.6150258819015837,0.1122780204882919,0.001,0.059,0.514,0.3096505726094412,0.3301467889625193,0.2124857743948824,0.6712956464200343
57.0,89.0,4.0,16.526473107843255,5.050363793384848,1.104952997119733,0.001,0.001,0.876,0.3096505726094412,0.4111196823808178,0.342494435790182,0.6294233633030576
57.0,89.0,72.0,2.9872773320415464,0.8572777145931685,2.397048201776477,0.002,0.183,0.019,0.3096505726094412,0.3139574223177334,0.1967786468001019,0.6296671306865903
57.0,89.0,74.0,3.589794885533674,1.5333047521106065,0.9492742781856288,0.001,0.082,0.172,0.3096505726094412,0.3288174279525027,0.2028156909406534,0.5981651679466681
59.0,98.0,40.0,3.3071529067165866,1.8074723312542589,1.3619885973311852,0.001,0.052,0.097,0.0584622731636041,0.0851347577688757,0.1092608724003336,0.6081224981405023
59.0,98.0,52.0,3.1588964112346294,2.0895946156846734,0.3105850025595138,0.001,0.032,0.583,0.0584622731636041,0.0932692344540877,0.1081662654509655,0.5682462145286115
59.0,98.0,54.0,3.357288163251533,1.812578509081012,1.6694173922557172,0.002,0.055,0.063,0.0584622731636041,0.0759342389689269,0.109625092257323,0.6399238209895309
59.0,98.0,86.0,3.365632524835445,4.120085769814729,4.341272139069862,0.002,0.001,0.001,0.0584622731636041,0.0778225933681177,0.1087608195607219,0.6581180066000236
59.0,98.0,90.0,2.6485086178197097,0.5459322224649372,0.1051611513112855,0.002,0.246,0.4,0.0584622731636041,0.0797984269046755,0.1028300964275849,0.6543509796027039
61.0,91.0,1.0,3.548180999808272,2.244400669783091,0.1040694325261523,0.001,0.028,0.392,0.0625071268672687,0.0807300754646613,0.1114722902999714,0.6378303132810812
61.0,91.0,48.0,3.605527668977166,2.850608169190497,0.6388063889519329,0.002,0.012,0.239,0.0625071268672687,0.0757196594280073,0.1107443015286765,0.7107154509526309
61.0,91.0,52.0,4.021177004237932,1.6972463373570457,0.1181897128870513,0.001,0.06,0.384,0.0625071268672687,0.1006116694152245,0.1151867548203793,0.5909530766984727
62.0,67.0,35.0,3.826826200736488,2.8523716075396632,1.3808817974900618,0.001,0.01,0.091,0.0662993865189438,0.0793235045764889,0.1148882076365775,0.582271250161122
62.0,67.0,40.0,4.8690467981741685,4.543823216176522,0.4989968634318649,0.001,0.001,0.27,0.0662993865189438,0.0848733531386306,0.1225412947299797,0.545274225846552
62.0,67.0,84.0,4.798034324912364,7.611758690919894,1.2722164414409682,0.001,0.001,0.111,0.0662993865189438,0.0719688173457557,0.1220212090640637,0.5308231625407596
63.0,65.0,93.0,3.5301029411423044,2.375661912390626,2.4397644163780416,0.001,0.026,0.021,0.0440000069603909,0.0697130512732084,0.1061435883818926,0.6150908441661436
63.0,87.0,37.0,4.965877154997319,5.175444358409262,1.5238610724778312,0.001,0.001,0.074,0.0342495020070785,0.072637826415354,0.1219450966497246,0.5832797781672645
63.0,87.0,61.0,2.697338778994125,2.5547455102301693,1.0055898311423006,0.004,0.01,0.168,0.0342495020070785,0.0769924967396576,0.1025474556146479,0.6014560545725547
63.0,87.0,69.0,3.205307009875184,4.634771056188977,1.3620169358994128,0.001,0.001,0.101,0.0342495020070785,0.0664235471909696,0.1060217249539541,0.531827441291285
63.0,87.0,73.0,3.434999242100126,3.549657477910017,3.2403750486495344,0.001,0.003,0.004,0.0342495020070785,0.0839854393730831,0.1091880428403956,0.5858478962696099
63.0,99.0,28.0,4.397906205995563,6.526409405669996,6.82586820466464,0.001,0.001,0.001,0.0379627892241059,0.0725713331780884,0.1159567712420674,0.6910227257414995
63.0,99.0,47.0,2.876300964441893,0.9709699385039916,1.385361123779816,0.004,0.148,0.089,0.0379627892241059,0.0769836595369295,0.1036163867844427,0.6644633486658093
63.0,99.0,52.0,3.5154217693606262,1.5957289502618086,1.9780156586657016,0.001,0.068,0.035,0.0379627892241059,0.0896952281745998,0.1074860109439198,0.7081482542098054
64.0,74.0,53.0,3.6480344488774654,3.1779137358126754,0.1883840640782823,0.001,0.007,0.373,0.0166945149967041,0.0599081649752083,0.0986926314344826,0.6496302891023161
64.0,74.0,82.0,3.4940287001432515,1.4632291428584792,1.392032404740291,0.001,0.086,0.097,0.0166945149967041,0.0769661701391782,0.0977667927652568,0.627220300282797
64.0,74.0,9.0,3.562103457877319,2.3787061514261354,2.7971344428334293,0.003,0.024,0.012,0.0166945149967041,0.0662145244177407,0.0987832376622051,0.6915954328210692
64.0,77.0,33.0,3.078191532799352,1.9246816214446525,0.5091979087623241,0.002,0.036,0.251,0.0348125170224058,0.0928331383356075,0.1063686021918461,0.6993480227951044
64.0,77.0,90.0,3.9121060394295073,3.254672885840685,1.1098952548498855,0.001,0.007,0.132,0.0348125170224058,0.078680671053519,0.1145246281113693,0.6697250187325783
64.0,85.0,52.0,2.9453662195463037,2.600145858291369,2.929861968579834,0.001,0.014,0.009,0.0160541319565403,0.0618584962164617,0.098379914675232,0.6170949996090027
64.0,85.0,84.0,3.832306246541306,3.497496715399437,3.692452956329083,0.001,0.005,0.005,0.0160541319565403,0.0663928372476013,0.1041502940639207,0.6223999507764626
64.0,85.0,88.0,3.0240237856371395,2.3012139305059423,0.4331806283672223,0.003,0.026,0.63,0.0160541319565403,0.0703473794062347,0.0984701618659036,0.6131489894027305
64.0,85.0,9.0,3.1721718165496693,2.56886575243067,2.931284408133492,0.002,0.017,0.01,0.0160541319565403,0.0618166452223371,0.1001773792686151,0.585679146140185
64.0,100.0,1.0,3.0876598027417628,1.7994896440180346,0.5890754435744794,0.001,0.055,0.239,0.0427173061873569,0.0756187301188077,0.101281058436207,0.5859176272509458
64.0,100.0,27.0,4.173544753601383,2.716975726780145,3.1391911222081923,0.001,0.012,0.009,0.0427173061873569,0.0769713835821227,0.1097862295506866,0.5303697297249363
64.0,100.0,46.0,3.336974490571289,2.783639961628065,1.4636918278629991,0.001,0.012,0.089,0.0427173061873569,0.0675662435050106,0.1040616415953852,0.6372565671020458
64.0,100.0,52.0,2.60830638340077,2.531169942725171,1.875353292781527,0.003,0.017,0.048,0.0427173061873569,0.0852174341160798,0.0977763951341605,0.6293577210813122
65.0,83.0,1.0,20.55214890584563,5.638691128184912,1.0470229947189231,0.001,0.001,0.861,0.3370838980429251,0.4698214675435228,0.4226502849136062,0.6654889923345876
65.0,83.0,38.0,4.106936503446627,1.9614201563815263,0.79454590074795,0.001,0.037,0.207,0.3370838980429251,0.3557090762613022,0.2256304161122294,0.6719973737100264
65.0,83.0,53.0,2.7787724752241987,1.2845193934140682,1.5767474510213166,0.004,0.104,0.071,0.3370838980429251,0.3347359274703724,0.2090272706215466,0.6233730238268405
65.0,83.0,60.0,3.5448625746977003,2.5879635972977204,1.5286955463448864,0.001,0.017,0.066,0.3370838980429251,0.3329332093514482,0.2188184818128175,0.6499169692724713
65.0,83.0,79.0,3.2143489143366395,0.1487971412819771,1.353428874643316,0.001,0.386,0.095,0.3370838980429251,0.361517337046561,0.2154586140622144,0.6276272232496066
66.0,86.0,52.0,4.510202850749206,3.4082088420086576,0.8740080489302013,0.001,0.005,0.177,0.0633301044804683,0.0885550466245183,0.1227391222257612,0.6584062194141028
66.0,86.0,54.0,4.147100136336579,5.554446243579514,0.0783074469649562,0.001,0.001,0.407,0.0633301044804683,0.0895040494100988,0.1174177883395202,0.5803610032534665
66.0,86.0,60.0,3.7537718953934016,1.067061042905775,0.1570085760200238,0.001,0.135,0.52,0.0633301044804683,0.0851482624782631,0.1134665884395821,0.6443153169353474
66.0,86.0,73.0,4.608695026393443,2.7987992784200983,2.8236536923568294,0.001,0.017,0.015,0.0633301044804683,0.0845818958160919,0.1224286891100914,0.644613987125669
66.0,86.0,84.0,3.7102311802869017,2.0254143083661,1.6847271384614768,0.001,0.036,0.056,0.0633301044804683,0.0937284766902573,0.1141299964138842,0.6052584473098759
67.0,70.0,19.0,3.3451675036544706,0.8992728490138743,1.2484756711474432,0.002,0.18,0.111,0.0221324423795099,0.0750895880460415,0.1083105326610973,0.6643954924307008
67.0,70.0,77.0,3.269685927415623,1.928454661804453,0.0053544600892344,0.003,0.048,0.447,0.0221324423795099,0.0894851421051121,0.108650355924498,0.5797529508019581
67.0,70.0,79.0,4.846363457274566,3.747431514435701,2.5455768849275318,0.001,0.002,0.016,0.0221324423795099,0.0805726430111363,0.1211836969084971,0.6299554250321716
67.0,70.0,80.0,3.2320061110906697,1.6042228884935326,1.6984564426939444,0.002,0.075,0.064,0.0221324423795099,0.0750852215977865,0.1076469744673992,0.654132155632913
67.0,70.0,95.0,3.2406503019874178,1.7051567726625914,2.165628440835097,0.001,0.056,0.033,0.0221324423795099,0.0872166238440643,0.1069120473880397,0.6989849253482474
67.0,72.0,1.0,2.969754345513677,1.2167465825205204,0.7643957910706075,0.004,0.112,0.211,0.0383915672629511,0.0695346148412945,0.1054437718138082,0.6773908318353431
67.0,72.0,25.0,3.196640795077368,2.915964750164798,3.2865717772840948,0.001,0.01,0.007,0.0383915672629511,0.0826150117406437,0.107651497645636,0.6177518918316036
67.0,72.0,76.0,2.9732591059214006,0.744353769527658,0.168883619908111,0.003,0.205,0.368,0.0383915672629511,0.094458767842383,0.104780760180893,0.6401707558825132
67.0,72.0,84.0,2.927353172264952,2.790586455454703,0.4060391128349889,0.001,0.012,0.615,0.0383915672629511,0.0816137450917879,0.1065255482227626,0.5336098109915322
67.0,72.0,8.0,3.165212233325793,0.5827205980130462,0.9597468434213132,0.001,0.244,0.149,0.0383915672629511,0.0903142482997404,0.1068107239994515,0.5816290994900946
68.0,72.0,2.0,3.4672189237923194,4.162312742243157,2.155693334818462,0.001,0.001,0.026,0.0435238790689469,0.0738402816456943,0.112015476120695,0.6598347010679787
68.0,72.0,38.0,3.2328486150794427,0.6307414850927892,0.945832319677753,0.001,0.219,0.162,0.0435238790689469,0.0885484283813033,0.1110395748108427,0.6419128739152021
68.0,72.0,40.0,3.513473112766156,2.007691783848924,0.9577257552258468,0.001,0.046,0.154,0.0435238790689469,0.1013068676476923,0.1132060920281692,0.7159902797548585
68.0,72.0,46.0,3.2013519678284625,0.5582630276832429,0.8979377307036537,0.002,0.255,0.165,0.0435238790689469,0.0819562655665311,0.1103234690006617,0.652923475503124
68.0,72.0,9.0,3.606282489314188,1.4619640613175169,0.5179168979548031,0.001,0.085,0.678,0.0435238790689469,0.1035054731478447,0.114557440818306,0.6874284230775111
69.0,83.0,30.0,4.992579544873385,4.029376249432459,4.337844248024132,0.001,0.001,0.001,0.0687528025172463,0.1106062830364614,0.1344986866500493,0.7147107870499102
69.0,83.0,40.0,3.97473786902619,2.7505187950799224,1.116722381739029,0.001,0.014,0.141,0.0687560387632011,0.1352506656558328,0.1267450103629125,0.6446370843687098
69.0,83.0,52.0,4.742670273158802,2.2845630286722005,2.175862221079261,0.001,0.025,0.026,0.0687528025172463,0.1122673098070992,0.1322621864908957,0.6278253744024115
69.0,83.0,71.0,3.9626086156122815,3.7628907237736566,3.025887944695113,0.001,0.002,0.008,0.0687528025172463,0.097960014850501,0.125438197063408,0.6078115101896419
69.0,83.0,81.0,4.828470608690369,1.5142485628308702,1.390767274823912,0.001,0.076,0.094,0.0687528025172463,0.1083504721874569,0.1334055500696662,0.6624590733357932
70.0,92.0,15.0,5.228689729488695,6.667007044876405,2.0528593591700246,0.001,0.001,0.041,0.0324899294547735,0.0787399820695138,0.1228784485115166,0.6055220384981032
70.0,92.0,19.0,3.032081242456521,3.0287490009685585,3.322910307093684,0.003,0.007,0.006,0.0324899294547735,0.0667063787334932,0.1028742369630468,0.6945800359163714
70.0,92.0,60.0,3.79792949535989,1.4119733409385795,1.764061888337862,0.001,0.096,0.053,0.0324899294547735,0.0955006163370991,0.1107253384316654,0.7050286680293566
70.0,92.0,71.0,5.109921741139316,3.266345845930556,2.428414307939629,0.001,0.007,0.025,0.0324899294547735,0.0847155109503619,0.1203672567647478,0.5466905091359215
70.0,92.0,87.0,3.4357076840549525,3.2336552541521684,3.5970575259227133,0.001,0.003,0.001,0.0324899294547735,0.0748221043975451,0.1073013306507063,0.623504518872486
74.0,79.0,20.0,4.142914341985041,6.768744667555041,0.1032451577898774,0.001,0.001,0.417,0.0806670774927322,0.096501486974528,0.1272173981489451,0.6439631505861085
74.0,79.0,52.0,5.667926560202059,3.875489355832892,1.836478090505315,0.001,0.005,0.052,0.0806670774927322,0.1162023274093523,0.1380751070690555,0.6180393796532458
74.0,79.0,7.0,3.688191404238462,2.8371829914663182,0.8147756135025978,0.001,0.011,0.186,0.0806670774927322,0.0778178330541264,0.1234063181226901,0.7044418573157455
75.0,91.0,41.0,4.137363086056938,1.367149586506178,1.2461351236049871,0.001,0.104,0.12,0.0402344506681799,0.0850796552277099,0.1167436979378854,0.6376431151400969
75.0,91.0,62.0,3.565344093351515,3.243503742657329,0.2432636848448325,0.001,0.006,0.53,0.0402344506681799,0.089855389905913,0.1127611145646052,0.5552213132708552
75.0,91.0,69.0,4.580923649782945,2.727844704907208,2.3055234877671205,0.001,0.014,0.027,0.0402344506681799,0.0862518248765274,0.1217169331550441,0.5694791206652084
75.0,91.0,72.0,3.788056861203144,3.6689897111943743,4.091643715147107,0.001,0.002,0.001,0.0402344506681799,0.0928856374546265,0.1127995529754719,0.6197991113110645
75.0,91.0,88.0,3.3868886051786227,1.2687165585975195,1.6756675849768208,0.002,0.097,0.053,0.0402344506681799,0.0878807734208168,0.1127493295871644,0.5936145117149266
76.0,90.0,98.0,4.028097538845221,6.427284035494384,6.703984443630215,0.001,0.001,0.001,0.0426702109592858,0.0719487629994345,0.1066577260404889,0.6512399390291963
78.0,85.0,19.0,3.3415204822993454,1.6303814667685548,1.5472538572569787,0.004,0.064,0.076,0.0492317194302236,0.0884053352280068,0.1108572661868704,0.5846024730972583
78.0,85.0,26.0,2.982178920601449,1.8798557588593392,2.146179109679735,0.002,0.041,0.029,0.0492317194302236,0.0767231521605659,0.1057360180787981,0.6674719968453127
79.0,85.0,15.0,3.362512231844616,1.321646059480194,0.5615864614621694,0.001,0.1,0.247,0.0227414365631881,0.0754131761609343,0.1051788810758335,0.5999798297625966
79.0,85.0,46.0,5.973846998533603,9.72952579941532,0.7118571004884133,0.001,0.001,0.215,0.0227414365631881,0.0825760361015634,0.1272333164786406,0.5798194561660625
79.0,85.0,48.0,3.4609112445355983,2.365691006795106,2.789239765512028,0.001,0.025,0.014,0.0227414365631881,0.0797543094760598,0.1058458336334621,0.6579752035324609
79.0,85.0,83.0,3.736467617095741,2.0086894654568064,2.3367699399057504,0.001,0.04,0.024,0.0227414365631881,0.0747358724958109,0.1063342187504298,0.6537418984880751
79.0,85.0,88.0,4.09684056505896,3.915536307037841,2.4217645609264262,0.001,0.003,0.02,0.0227414365631881,0.0760666976629553,0.110162496860478,0.589151052737963
80.0,98.0,44.0,3.0345167574479994,0.2883839185417169,0.6610350469596874,0.004,0.332,0.227,0.0142284914096313,0.0814362549356574,0.0998006353537962,0.6742863435951558
80.0,98.0,54.0,4.315235311501214,2.851806052315325,3.02084029220406,0.001,0.01,0.01,0.0142284914096313,0.0716212080437712,0.1120025655823844,0.5055133923156744
80.0,98.0,55.0,2.933013750200362,4.589347158353474,4.862422384440549,0.004,0.001,0.001,0.0142284914096313,0.0605052631640748,0.0992909977301507,0.6168206852860907
80.0,98.0,71.0,3.737957484457688,2.765836560664233,0.3105068950069515,0.001,0.01,0.321,0.0142284914096313,0.0740830069591641,0.106052634068414,0.6411612036695502
80.0,98.0,74.0,3.306044886351722,1.9923048623314696,1.4320385568427587,0.001,0.04,0.087,0.0142284914096313,0.0700930515346063,0.1022289534747595,0.5832310979791415
81.0,84.0,25.0,3.585552548492505,5.497318082323181,0.1777405461212158,0.001,0.001,0.514,0.0924523718354581,0.1069031748602618,0.1260245395310433,0.6819253845168866
81.0,84.0,26.0,4.286080732592757,1.793606347275683,0.4253685322104637,0.001,0.051,0.284,0.0924523718354581,0.10965408870692,0.1315573793585882,0.5815556074421256
81.0,84.0,36.0,4.401150954108477,2.285249376042416,0.9240329069786892,0.001,0.025,0.156,0.0924523718354581,0.109984544543148,0.133221748300197,0.6274148581897901
81.0,84.0,71.0,5.658660940239577,2.1346134028733963,2.5257093712062413,0.001,0.027,0.016,0.0924523718354581,0.1203204628820859,0.142194122519868,0.6465850111198651
81.0,84.0,95.0,4.304228971597906,5.073781488040082,0.0004565253172912,0.001,0.001,0.449,0.0924523718354581,0.1090071733770426,0.1304717463931114,0.6184106917533352
81.0,99.0,22.0,5.944810425129995,5.891012056307776,2.3819918180734216,0.001,0.001,0.027,0.0784265577303973,0.0873034425900385,0.1306529192734234,0.5046257278253257
81.0,99.0,28.0,3.526328405397635,3.0338549386133677,2.518408970569982,0.001,0.012,0.015,0.0784265577303973,0.0745784611005901,0.1093859536339778,0.5952523452569767
81.0,99.0,54.0,4.337679288097217,1.6015113325203474,1.1618713688085902,0.001,0.071,0.114,0.0784265577303973,0.1032751656151975,0.118004520453234,0.5944479079156865
81.0,99.0,61.0,5.130100863126178,6.589643037648341,6.67052798092062,0.001,0.001,0.001,0.0784265577303973,0.0813216891545278,0.1237343555475405,0.5065911803405967
81.0,99.0,92.0,3.7309595914040576,2.627941455323264,3.026801616891029,0.001,0.015,0.01,0.0784265577303973,0.0871932918445138,0.1108201674049491,0.568907317262665
82.0,91.0,26.0,4.103392840986936,3.578727602868409,0.3166185021417453,0.001,0.003,0.333,0.1482475059860801,0.1158482616949802,0.1351760332252,0.604559715733412
82.0,91.0,3.0,3.8509362968178857,2.0522512893232427,2.5850908043633263,0.001,0.032,0.014,0.1482475059860801,0.123777228092787,0.1327087228157333,0.6075429549616178
82.0,91.0,73.0,3.7967272243537256,2.3714104340707425,0.4751848449674197,0.001,0.03,0.291,0.1482475059860801,0.1403004054874549,0.1311020053201644,0.6177877600678582
82.0,91.0,97.0,4.41329108842962,2.2934738437013147,0.9248553811264308,0.001,0.022,0.164,0.1482475059860801,0.1457747031405034,0.1366033756370932,0.6091083801272065
82.0,91.0,99.0,4.133798464662007,1.6181568518102472,2.2207793664642668,0.001,0.066,0.026,0.1482475059860801,0.1401945157221915,0.1351611920722618,0.557874002544266
86.0,95.0,50.0,5.610123686881796,3.1193024003248366,1.1231896041507117,0.001,0.006,0.129,0.4208832751278395,0.3880207151858147,0.2452370188621756,0.634769810450678
86.0,95.0,57.0,20.30664597366631,5.403536886108093,1.3111289846464755,0.001,0.001,0.92,0.4208832751278395,0.4983296173911918,0.4263841621712476,0.6840466355138306
86.0,95.0,6.0,11.53780398956171,3.4401221684248435,0.0236187493677046,0.001,0.002,0.456,0.4208832751278395,0.4562606910941075,0.3137064864471706,0.6807805326261399
86.0,95.0,89.0,12.044951282265782,3.695138285298223,0.6699198729443444,0.001,0.003,0.233,0.4208832751278395,0.4581037987436013,0.3226545741126543,0.669536376382809
86.0,95.0,94.0,7.453300987424023,1.0243227537421873,0.4944139852090504,0.001,0.14,0.668,0.4208832751278395,0.4103836482395093,0.2686546906237478,0.6789995464305667
88.0,94.0,27.0,2.8339186220111534,2.6071102761188407,3.00405563717655,0.002,0.016,0.01,0.049662298122258,0.0704576192976562,0.1011239873531844,0.6050888787417205
88.0,94.0,35.0,2.8604238320180357,4.716768180105208,0.2195883851131268,0.004,0.001,0.519,0.049662298122258,0.0707384917092429,0.1014015157502747,0.6117144301192531
88.0,94.0,52.0,4.9959486845955805,5.289915149969558,1.9327539552104909,0.001,0.001,0.045,0.049662298122258,0.0817802204600528,0.1204750924622791,0.6015422101009036
88.0,94.0,53.0,2.810381520372468,1.175696312918206,1.5608822379839122,0.001,0.135,0.081,0.049662298122258,0.0802738914663874,0.1011222636596332,0.7022818877675149
88.0,94.0,69.0,2.748179104068896,1.7722637325853672,1.583180918431362,0.004,0.055,0.067,0.049662298122258,0.0806994085913654,0.1002075897608833,0.6182402911994863
89.0,94.0,14.0,2.9589622068303085,1.6753765353157837,2.3545314457282576,0.002,0.057,0.023,0.4134967114665153,0.4156041580403741,0.2211346298098011,0.557425496629027
89.0,94.0,32.0,3.5972532291259105,1.1869098413259924,1.5729278181044262,0.001,0.125,0.072,0.4134967114665153,0.4296371767862971,0.2263072048950799,0.6515100009245304
89.0,94.0,62.0,18.382992861245373,4.505735052328773,0.7850155610155195,0.001,0.001,0.759,0.4134967114665153,0.5408894247013267,0.4198108046309846,0.6849434607003062
89.0,94.0,97.0,3.9498848412240464,0.376655518929295,0.1473888279098335,0.001,0.334,0.416,0.4134967114665153,0.4265126020975552,0.231642077323242,0.6502816822088339
93.0,94.0,16.0,3.309357411060314,2.7817734153656506,0.3691522590935996,0.001,0.009,0.309,0.0359229060991204,0.0631747248510845,0.10199963584807,0.5026398960663608
93.0,94.0,40.0,3.685154635200177,2.867053715276293,1.793003861042313,0.001,0.01,0.049,0.0359229060991204,0.0657580891924153,0.1044810244007982,0.6925504027381109
93.0,94.0,60.0,3.1737546575760667,2.581399486503112,2.925321619557783,0.001,0.013,0.007,0.0359229060991204,0.0726065881725672,0.1012637568744832,0.6230456172344438
93.0,99.0,15.0,2.739767528859204,0.7111193279252921,0.8572454872829445,0.001,0.213,0.178,0.4356502588185158,0.4322662560461035,0.2187579374580907,0.5993484030899974
93.0,99.0,19.0,17.4155632676186,5.120606791389427,0.9257836564950176,0.001,0.001,0.826,0.4356502588185158,0.5365855125804715,0.4039529627028471,0.652589473400977
93.0,99.0,37.0,2.8447144524805914,3.631519571414535,0.0718841448375578,0.002,0.001,0.433,0.4356502588185158,0.4197437279057802,0.2198469625385428,0.6236654491935228
93.0,99.0,60.0,4.480743701499966,1.402447097062827,0.2277442060094518,0.001,0.082,0.353,0.4356502588185158,0.4394168249200121,0.2398369884654309,0.6754748143576589
93.0,99.0,71.0,2.728988544151227,2.101667106428496,1.368866883652784,0.002,0.037,0.085,0.4356502588185158,0.4333507805608227,0.2194549508111258,0.6758968003575092
98.0,100.0,74.0,3.6774847959979673,2.60393417533926,0.3770838630693571,0.001,0.019,0.305,0.0342020610826327,0.0882875736797342,0.1126763573960729,0.5288734340195397
98.0,100.0,82.0,4.439747763318353,4.1027069066915605,4.441157631519983,0.001,0.001,0.001,0.0342020610826327,0.0796580807871052,0.1180187594146216,0.6393242266192269
